star_id,label
STR-011368,0
STR-005379,0
STR-004743,0
STR-007357,0
STR-010554,0
STR-002573,0
STR-004111,0
STR-002827,0
STR-009245,0
STR-007693,0
STR-007963,0
STR-003422,0
STR-010081,0
STR-006295,0
STR-000826,0
STR-007948,0
STR-006899,0
STR-000404,0
STR-010498,0
STR-007512,0
STR-011538,0
STR-000294,0
STR-005377,0
STR-007478,0
STR-001102,0
STR-004132,0
STR-001196,0
STR-003107,0
STR-007102,0
STR-011096,0
STR-005648,0
STR-004277,0
STR-010046,0
STR-000662,0
STR-008739,0
STR-007415,0
STR-000273,0
STR-010708,0
STR-008730,0
STR-010555,0
STR-001750,0
STR-011332,0
STR-000020,0
STR-008256,0
STR-008113,0
STR-008857,0
STR-001258,0
STR-010332,0
STR-010912,0
STR-007171,0
STR-000723,0
STR-010572,0
STR-008703,0
STR-007234,0
STR-000786,0
STR-000863,0
STR-007063,0
STR-004331,0
STR-010997,0
STR-009003,0
STR-003659,0
STR-004954,0
STR-001255,0
STR-002359,0
STR-006801,0
STR-009703,0
STR-004474,0
STR-002784,0
STR-010168,0
STR-011849,0
STR-007259,0
STR-003883,0
STR-009333,0
STR-001621,0
STR-003593,0
STR-008646,0
STR-007590,0
STR-004335,0
STR-009397,0
STR-009909,0
STR-010724,0
STR-010289,0
STR-011027,0
STR-001885,0
STR-010340,0
STR-003695,0
STR-002279,0
STR-004676,0
STR-001380,0
STR-004384,0
STR-009098,0
STR-005864,0
STR-006240,0
STR-010005,0
STR-011163,0
STR-000535,0
STR-009462,0
STR-001073,0
STR-004451,0
STR-002536,0
STR-008194,0
STR-010433,0
STR-011533,0
STR-007036,0
STR-001970,0
STR-005333,0
STR-003524,0
STR-002990,0
STR-007569,0
STR-001676,0
STR-010285,0
STR-008139,0
STR-007954,0
STR-002496,0
STR-008844,0
STR-007727,0
STR-011326,0
STR-009784,0
STR-002426,0
STR-006934,0
STR-004675,0
STR-011570,0
STR-001341,0
STR-002186,0
STR-009013,0
STR-002140,0
STR-000174,0
STR-006790,0
STR-007065,0
STR-009820,0
STR-004576,0
STR-011049,0
STR-002343,0
STR-011063,0
STR-007874,0
STR-008035,0
STR-004137,0
STR-011192,0
STR-001031,0
STR-006703,0
STR-009688,0
STR-002151,0
STR-002026,0
STR-008554,0
STR-001681,0
STR-005964,0
STR-002093,0
STR-009014,0
STR-010679,0
STR-010882,0
STR-004679,0
STR-009061,0
STR-001564,0
STR-010513,0
STR-006759,0
STR-009482,0
STR-003420,0
STR-006386,0
STR-006878,0
STR-002243,0
STR-007566,0
STR-002859,0
STR-008326,0
STR-004835,0
STR-005024,0
STR-002510,0
STR-002672,0
STR-009689,0
STR-002033,0
STR-004770,0
STR-003737,0
STR-007990,0
STR-001305,0
STR-000438,0
STR-010697,0
STR-004875,0
STR-000810,0
STR-010400,0
STR-002205,0
STR-001532,0
STR-004416,0
STR-009350,0
STR-011251,0
STR-010683,0
STR-009996,0
STR-000830,0
STR-004231,0
STR-002549,0
STR-007657,0
STR-005078,0
STR-009021,0
STR-001151,0
STR-010449,0
STR-005807,0
STR-007466,0
STR-002041,0
STR-002675,0
STR-002590,0
STR-005852,0
STR-009373,0
STR-001648,0
STR-003579,0
STR-010517,0
STR-008631,0
STR-005272,0
STR-005517,0
STR-011648,0
STR-005522,0
STR-007805,0
STR-003511,0
STR-003324,0
STR-005019,0
STR-009141,0
STR-008753,0
STR-009289,0
STR-006672,0
STR-005456,0
STR-002523,0
STR-009575,0
STR-003845,0
STR-004850,0
STR-001606,0
STR-008996,0
STR-002831,0
STR-011858,0
STR-000192,0
STR-002242,0
STR-000030,0
STR-002322,0
STR-010577,0
STR-002154,0
STR-006656,0
STR-006360,0
STR-003906,0
STR-006117,0
STR-003384,0
STR-007880,0
STR-008009,0
STR-000626,0
STR-008185,0
STR-000150,0
STR-006126,0
STR-002116,0
STR-008531,0
STR-011459,0
STR-008650,0
STR-000545,0
STR-003277,0
STR-006715,0
STR-011342,0
STR-000261,0
STR-011033,0
STR-000213,0
STR-000930,0
STR-009655,0
STR-004651,0
STR-001028,0
STR-009499,0
STR-009767,0
STR-008415,0
STR-001572,0
STR-007818,0
STR-004453,0
STR-006413,0
STR-009209,0
STR-002678,0
STR-001887,0
STR-006271,0
STR-000046,0
STR-001766,0
STR-006370,0
STR-001461,0
STR-001671,0
STR-001331,0
STR-000396,0
STR-005993,0
STR-000486,0
STR-010054,0
STR-002609,0
STR-004380,0
STR-005973,0
STR-005453,0
STR-009871,0
STR-007231,0
STR-001197,0
STR-007405,0
STR-000570,0
STR-007475,0
STR-002241,0
STR-001658,0
STR-003139,0
STR-001578,0
STR-010206,0
STR-004580,0
STR-005641,0
STR-006380,0
STR-007024,0
STR-008798,0
STR-008178,0
STR-001949,0
STR-001587,0
STR-007857,0
STR-000998,0
STR-001880,0
STR-003517,0
STR-001158,0
STR-001707,0
STR-004033,0
STR-002744,0
STR-011750,0
STR-011295,0
STR-008810,0
STR-003689,0
STR-009468,0
STR-011583,0
STR-006815,0
STR-010315,0
STR-010836,0
STR-001104,0
STR-011976,0
STR-010704,0
STR-002505,0
STR-011675,0
STR-000780,0
STR-004370,0
STR-004206,0
STR-001884,0
STR-005035,0
STR-003233,0
STR-007525,0
STR-005181,0
STR-005706,0
STR-009178,0
STR-004955,0
STR-010742,0
STR-003171,0
STR-010135,0
STR-004172,0
STR-000041,0
STR-005340,0
STR-005572,0
STR-000888,0
STR-005721,0
STR-008580,0
STR-004311,0
STR-011825,0
STR-004692,0
STR-001072,0
STR-005937,0
STR-010607,0
STR-009130,0
STR-006443,0
STR-002396,0
STR-001013,0
STR-011769,0
STR-005058,0
STR-003273,0
STR-005446,0
STR-007436,0
STR-007303,0
STR-004115,0
STR-003606,0
STR-003485,0
STR-007541,0
STR-009171,0
STR-004518,0
STR-011443,0
STR-007060,0
STR-003058,0
STR-001618,0
STR-004916,0
STR-009349,0
STR-009904,0
STR-005972,0
STR-010629,0
STR-003742,0
STR-007422,0
STR-001394,0
STR-007640,0
STR-007589,0
STR-003728,0
STR-010066,0
STR-006640,0
STR-002503,0
STR-009822,0
STR-003796,0
STR-010049,0
STR-004182,0
STR-000556,0
STR-006969,0
STR-002296,0
STR-006859,0
STR-011376,0
STR-005129,0
STR-009576,0
STR-005369,0
STR-010350,0
STR-005360,0
STR-008732,0
STR-002575,0
STR-000381,0
STR-000560,0
STR-003063,0
STR-000036,0
STR-001886,0
STR-009112,0
STR-005267,0
STR-007383,0
STR-006189,0
STR-009592,0
STR-006499,0
STR-000539,0
STR-008805,0
STR-005250,0
STR-001174,0
STR-010123,0
STR-007748,0
STR-001555,0
STR-001256,0
STR-009676,0
STR-004615,0
STR-000506,0
STR-008690,0
STR-010641,0
STR-003634,0
STR-007719,0
STR-008557,0
STR-001383,0
STR-010398,0
STR-002674,0
STR-008161,0
STR-001656,0
STR-007147,0
STR-007474,0
STR-009806,0
STR-005531,0
STR-010117,0
STR-003211,0
STR-005582,0
STR-004711,0
STR-010775,0
STR-005573,0
STR-004622,0
STR-003723,0
STR-009512,0
STR-000283,0
STR-004495,0
STR-002044,0
STR-004533,0
STR-004551,0
STR-009379,0
STR-001560,0
STR-005466,0
STR-007225,0
STR-005150,0
STR-011747,0
STR-011966,0
STR-010936,0
STR-005359,0
STR-001592,0
STR-004847,0
STR-010018,0
STR-007288,0
STR-009235,0
STR-003109,0
STR-004892,0
STR-005799,0
STR-003799,0
STR-003872,0
STR-002535,0
STR-008509,0
STR-010181,0
STR-001659,0
STR-004591,0
STR-001603,0
STR-010021,0
STR-000761,0
STR-009568,0
STR-003974,0
STR-001821,0
STR-004785,0
STR-010044,0
STR-005374,0
STR-006538,0
STR-000874,0
STR-005968,0
STR-000274,0
STR-009540,0
STR-006631,0
STR-006664,0
STR-001106,0
STR-001631,0
STR-006175,0
STR-008218,0
STR-002137,0
STR-011157,0
STR-008935,0
STR-011086,0
STR-010325,0
STR-009316,0
STR-009071,0
STR-007485,0
STR-011584,0
STR-006277,0
STR-006758,0
STR-004792,0
STR-001103,0
STR-006298,0
STR-000483,0
STR-002769,0
STR-003440,0
STR-007367,0
STR-009686,0
STR-011221,0
STR-004684,0
STR-008213,0
STR-005489,0
STR-011260,0
STR-005134,0
STR-007778,0
STR-001483,0
STR-004813,0
STR-005556,0
STR-001463,0
STR-011073,0
STR-007730,0
STR-006311,0
STR-004767,0
STR-004207,0
STR-009662,0
STR-011313,0
STR-007767,0
STR-011378,0
STR-008410,0
STR-002148,0
STR-009279,0
STR-004068,0
STR-010582,0
STR-000078,0
STR-005384,0
STR-000933,0
STR-001203,0
STR-007583,0
STR-002697,0
STR-000101,0
STR-002060,0
STR-010654,0
STR-003154,0
STR-003784,0
STR-001827,0
STR-005636,0
STR-001737,0
STR-001758,0
STR-002005,0
STR-005366,0
STR-008550,0
STR-000185,0
STR-007498,0
STR-001330,0
STR-003822,0
STR-001034,0
STR-009143,0
STR-011551,0
STR-009799,0
STR-004733,0
STR-002812,0
STR-005795,0
STR-011474,0
STR-005047,0
STR-000334,0
STR-001796,0
STR-006339,0
STR-006338,0
STR-009828,0
STR-000526,0
STR-002529,0
STR-007680,0
STR-008382,0
STR-008134,0
STR-006272,0
STR-003554,0
STR-000831,0
STR-005680,0
STR-006303,0
STR-004409,0
STR-004625,0
STR-001321,0
STR-005632,0
STR-003920,0
STR-011159,0
STR-003216,0
STR-005940,0
STR-010298,0
STR-000103,0
STR-009745,0
STR-004559,0
STR-011822,0
STR-005234,0
STR-006681,0
STR-001363,0
STR-003371,0
STR-002191,0
STR-001523,0
STR-009894,0
STR-005425,0
STR-006203,0
STR-007769,0
STR-002764,0
STR-005623,0
STR-003522,0
STR-011057,0
STR-003067,0
STR-001458,0
STR-001222,0
STR-001595,0
STR-001179,0
STR-003955,0
STR-007293,0
STR-008206,0
STR-009081,0
STR-002429,0
STR-010450,0
STR-010103,0
STR-005585,0
STR-008243,0
STR-001225,0
STR-008817,0
STR-007029,0
STR-001007,0
STR-009172,0
STR-011890,0
STR-002391,0
STR-005829,0
STR-007263,0
STR-002309,0
STR-005779,0
STR-001344,0
STR-010411,0
STR-008244,0
STR-003520,0
STR-006702,0
STR-005753,0
STR-011434,0
STR-008526,0
STR-009018,0
STR-008648,0
STR-001637,0
STR-011161,0
STR-004997,0
STR-003168,0
STR-006771,0
STR-005330,0
STR-005899,0
STR-004447,0
STR-005175,0
STR-003496,0
STR-005932,0
STR-008261,0
STR-004868,0
STR-008866,0
STR-004479,0
STR-001275,0
STR-001752,0
STR-004381,0
STR-011942,0
STR-000329,0
STR-007932,0
STR-002481,0
STR-010437,0
STR-002521,0
STR-007139,0
STR-002642,0
STR-003663,0
STR-003571,0
STR-005819,0
STR-001968,0
STR-004126,0
STR-005305,0
STR-010320,0
STR-006840,0
STR-008075,0
STR-000007,0
STR-003119,0
STR-005143,0
STR-008049,0
STR-000571,0
STR-007228,0
STR-008533,0
STR-007192,0
STR-010115,0
STR-011020,0
STR-008676,0
STR-005841,0
STR-006709,0
STR-006635,0
STR-001893,0
STR-002389,0
STR-007429,0
STR-010690,0
STR-002416,0
STR-007439,0
STR-005594,0
STR-004882,0
STR-000121,0
STR-001769,0
STR-000988,0
STR-003935,0
STR-001276,0
STR-011946,0
STR-005909,0
STR-003681,0
STR-005801,0
STR-004975,0
STR-009881,0
STR-001652,0
STR-006064,0
STR-002714,0
STR-007110,0
STR-004180,0
STR-003218,0
STR-003853,0
STR-002604,0
STR-000071,0
STR-000217,0
STR-002687,0
STR-000059,0
STR-006191,0
STR-001265,0
STR-007497,0
STR-004412,0
STR-005902,0
STR-002708,0
STR-009907,0
STR-008012,0
STR-003398,0
STR-009347,0
STR-000014,0
STR-000819,0
STR-003220,0
STR-002270,0
STR-007784,0
STR-003929,0
STR-009584,0
STR-006356,0
STR-007604,0
STR-002703,0
STR-005419,0
STR-011708,0
STR-002793,0
STR-003028,0
STR-007097,0
STR-004057,0
STR-000996,0
STR-009122,0
STR-002156,0
STR-007409,0
STR-000253,0
STR-011449,0
STR-005255,0
STR-006495,0
STR-004152,0
STR-008100,0
STR-007575,0
STR-009083,0
STR-005815,0
STR-006846,0
STR-011055,0
STR-005597,0
STR-010676,0
STR-007384,0
STR-009896,0
STR-010643,0
STR-001379,0
STR-000013,0
STR-008280,0
STR-010872,0
STR-007091,0
STR-009560,0
STR-008586,0
STR-010017,0
STR-006461,0
STR-010534,0
STR-006828,0
STR-002651,0
STR-000461,0
STR-006706,0
STR-010429,0
STR-006677,0
STR-011405,0
STR-011079,0
STR-011428,0
STR-000296,0
STR-006076,0
STR-010762,0
STR-001633,0
STR-004096,0
STR-003637,0
STR-007964,0
STR-000355,0
STR-004782,0
STR-003182,0
STR-005007,0
STR-010094,0
STR-009310,0
STR-009699,0
STR-000840,0
STR-000702,0
STR-004355,0
STR-008754,0
STR-009992,0
STR-001033,0
STR-007441,0
STR-000099,0
STR-007848,0
STR-007339,0
STR-001178,0
STR-006508,0
STR-010604,0
STR-002742,0
STR-006011,0
STR-003981,0
STR-004364,0
STR-002074,0
STR-009392,0
STR-011065,0
STR-004831,0
STR-003877,0
STR-004505,0
STR-006433,0
STR-003532,0
STR-003825,0
STR-004888,0
STR-005102,0
STR-001761,0
STR-005016,0
STR-010580,0
STR-001351,0
STR-007677,0
STR-011591,0
STR-005217,0
STR-002473,0
STR-004642,0
STR-009214,0
STR-002204,0
STR-001020,0
STR-002210,0
STR-009295,0
STR-003305,0
STR-008680,0
STR-011358,0
STR-000699,0
STR-011438,0
STR-006329,0
STR-000171,0
STR-008826,0
STR-005294,0
STR-011401,0
STR-000742,0
STR-009892,0
STR-011635,0
STR-008212,0
STR-005397,0
STR-006346,0
STR-004349,0
STR-002498,0
STR-000827,0
STR-005177,0
STR-004390,0
STR-007939,0
STR-004374,0
STR-002778,0
STR-005015,0
STR-007799,0
STR-002216,0
STR-006056,0
STR-004414,0
STR-011501,0
STR-002012,0
STR-010714,0
STR-004252,0
STR-002001,0
STR-010399,0
STR-008182,0
STR-000946,0
STR-003624,0
STR-008634,0
STR-002602,0
STR-010247,0
STR-006359,0
STR-003308,0
STR-000977,0
STR-002217,0
STR-000229,0
STR-000740,0
STR-005073,0
STR-005938,0
STR-006594,0
STR-007819,0
STR-002218,0
STR-008871,0
STR-010568,0
STR-005507,0
STR-010250,0
STR-000647,0
STR-008917,0
STR-005279,0
STR-003333,0
STR-011142,0
STR-000802,0
STR-010700,0
STR-003562,0
STR-008264,0
STR-007663,0
STR-000716,0
STR-010944,0
STR-008578,0
STR-006279,0
STR-011168,0
STR-009298,0
STR-007105,0
STR-004913,0
STR-002278,0
STR-011656,0
STR-001926,0
STR-001634,0
STR-009164,0
STR-000905,0
STR-011660,0
STR-006909,0
STR-003101,0
STR-002977,0
STR-007510,0
STR-000896,0
STR-001234,0
STR-002572,0
STR-000222,0
STR-009728,0
STR-008057,0
STR-002653,0
STR-002288,0
STR-004896,0
STR-004477,0
STR-002408,0
STR-001739,0
STR-009426,0
STR-009927,0
STR-006988,0
STR-009463,0
STR-002942,0
STR-005895,0
STR-004131,0
STR-003531,0
STR-004958,0
STR-011828,0
STR-001312,0
STR-007035,0
STR-006649,0
STR-001386,0
STR-002606,0
STR-004397,0
STR-008483,0
STR-000375,0
STR-004729,0
STR-001218,0
STR-003116,0
STR-002373,0
STR-005761,0
STR-004694,0
STR-007215,0
STR-005559,0
STR-010132,0
STR-002470,0
STR-010569,0
STR-004174,0
STR-005590,0
STR-010183,0
STR-009606,0
STR-003994,0
STR-006735,0
STR-008133,0
STR-003309,0
STR-011568,0
STR-000471,0
STR-004516,0
STR-007817,0
STR-010571,0
STR-008585,0
STR-003264,0
STR-006583,0
STR-007860,0
STR-001030,0
STR-002786,0
STR-003745,0
STR-002873,0
STR-000361,0
STR-001708,0
STR-011314,0
STR-009622,0
STR-003891,0
STR-003075,0
STR-007164,0
STR-007831,0
STR-008992,0
STR-005352,0
STR-001816,0
STR-010500,0
STR-007134,0
STR-003459,0
STR-010095,0
STR-009010,0
STR-011948,0
STR-004153,0
STR-002363,0
STR-006880,0
STR-002213,0
STR-009947,0
STR-011945,0
STR-007503,0
STR-009572,0
STR-009630,0
STR-008975,0
STR-009530,0
STR-006728,0
STR-010225,0
STR-000339,0
STR-011817,0
STR-008926,0
STR-011331,0
STR-000858,0
STR-006639,0
STR-000889,0
STR-009339,0
STR-001224,0
STR-009527,0
STR-000630,0
STR-002887,0
STR-004719,0
STR-001457,0
STR-003326,0
STR-003687,0
STR-003939,0
STR-009920,0
STR-010458,0
STR-003438,0
STR-011701,0
STR-006282,0
STR-005666,0
STR-002354,0
STR-005092,0
STR-007007,0
STR-008282,0
STR-008317,0
STR-000054,0
STR-007101,0
STR-000037,0
STR-001675,0
STR-010234,0
STR-004677,0
STR-001164,0
STR-010302,0
STR-002411,0
STR-002015,0
STR-002138,0
STR-009408,0
STR-010578,0
STR-006924,0
STR-000129,0
STR-006212,0
STR-001906,0
STR-005044,0
STR-008698,0
STR-001385,0
STR-001054,0
STR-004149,0
STR-003709,0
STR-009521,0
STR-007213,0
STR-006946,0
STR-005988,0
STR-000960,0
STR-011193,0
STR-004284,0
STR-007382,0
STR-009132,0
STR-004674,0
STR-009242,0
STR-000735,0
STR-001712,0
STR-003559,0
STR-008968,0
STR-011393,0
STR-005934,0
STR-002030,0
STR-010313,0
STR-004091,0
STR-002469,0
STR-010892,0
STR-003144,0
STR-009795,0
STR-003026,0
STR-002682,0
STR-004963,0
STR-004227,0
STR-005637,0
STR-009962,0
STR-010248,0
STR-005764,0
STR-001303,0
STR-007856,0
STR-001920,0
STR-006689,0
STR-008285,0
STR-000314,0
STR-001888,0
STR-002782,0
STR-003299,0
STR-011983,0
STR-011110,0
STR-010190,0
STR-009096,0
STR-005421,0
STR-010031,0
STR-003073,0
STR-010939,0
STR-011149,0
STR-001873,0
STR-006412,0
STR-002711,0
STR-007277,0
STR-009082,0
STR-000469,0
STR-006022,0
STR-010102,0
STR-003864,0
STR-004523,0
STR-009369,0
STR-009110,0
STR-005526,0
STR-008727,0
STR-001839,0
STR-002361,0
STR-008982,0
STR-010651,0
STR-002940,0
STR-010475,0
STR-009793,0
STR-001220,0
STR-011515,0
STR-001438,0
STR-004494,0
STR-001408,0
STR-011094,0
STR-005732,0
STR-011806,0
STR-007095,0
STR-004671,0
STR-002741,0
STR-010894,0
STR-010467,0
STR-006615,0
STR-011872,0
STR-004193,0
STR-001391,0
STR-001387,0
STR-010056,0
STR-001624,0
STR-005343,0
STR-000093,0
STR-006760,0
STR-003563,0
STR-011478,0
STR-006148,0
STR-001361,0
STR-007553,0
STR-009154,0
STR-011462,0
STR-011807,0
STR-000410,0
STR-010052,0
STR-008154,0
STR-000743,0
STR-008228,0
STR-010876,0
STR-003152,0
STR-002086,0
STR-009700,0
STR-008644,0
STR-000574,0
STR-010364,0
STR-003773,0
STR-001043,0
STR-005089,0
STR-004201,0
STR-011373,0
STR-002663,0
STR-006149,0
STR-005052,0
STR-003236,0
STR-010909,0
STR-007830,0
STR-001636,0
STR-007574,0
STR-002158,0
STR-008655,0
STR-006133,0
STR-010693,0
STR-006660,0
STR-010477,0
STR-005191,0
STR-009012,0
STR-005048,0
STR-006266,0
STR-009266,0
STR-010483,0
STR-009969,0
STR-005825,0
STR-009471,0
STR-001078,0
STR-007012,0
STR-011341,0
STR-004301,0
STR-009824,0
STR-011699,0
STR-004151,0
STR-004394,0
STR-004731,0
STR-001065,0
STR-008886,0
STR-011370,0
STR-003653,0
STR-007584,0
STR-002750,0
STR-000175,0
STR-011045,0
STR-010722,0
STR-000439,0
STR-011011,0
STR-002166,0
STR-006613,0
STR-004487,0
STR-004466,0
STR-003164,0
STR-005564,0
STR-003829,0
STR-000973,0
STR-005630,0
STR-001542,0
STR-001115,0
STR-011026,0
STR-010973,0
STR-008995,0
STR-001427,0
STR-008384,0
STR-011493,0
STR-011339,0
STR-006892,0
STR-005853,0
STR-005080,0
STR-011237,0
STR-001242,0
STR-001612,0
STR-011762,0
STR-005963,0
STR-011793,0
STR-000687,0
STR-011126,0
STR-001244,0
STR-002551,0
STR-005773,0
STR-008053,0
STR-007046,0
STR-005447,0
STR-004865,0
STR-001329,0
STR-003162,0
STR-000508,0
STR-004399,0
STR-001976,0
STR-001698,0
STR-004665,0
STR-009218,0
STR-008273,0
STR-004195,0
STR-005785,0
STR-008231,0
STR-004357,0
STR-001632,0
STR-000181,0
STR-003570,0
STR-010753,0
STR-003561,0
STR-004956,0
STR-004857,0
STR-005141,0
STR-005518,0
STR-010396,0
STR-007125,0
STR-001161,0
STR-004895,0
STR-011298,0
STR-001688,0
STR-010889,0
STR-011259,0
STR-005967,0
STR-007483,0
STR-011998,0
STR-007900,0
STR-005168,0
STR-003556,0
STR-003072,0
STR-004205,0
STR-002820,0
STR-005941,0
STR-010598,0
STR-011879,0
STR-008720,0
STR-001912,0
STR-003770,0
STR-003789,0
STR-001120,0
STR-001579,0
STR-005259,0
STR-011442,0
STR-008334,0
STR-009558,0
STR-011377,0
STR-011774,0
STR-007535,0
STR-000524,0
STR-009874,0
STR-009581,0
STR-010037,0
STR-007760,0
STR-009660,0
STR-011018,0
STR-006480,0
STR-000323,0
STR-001536,0
STR-011150,0
STR-011435,0
STR-004781,0
STR-002666,0
STR-002804,0
STR-004744,0
STR-003484,0
STR-004468,0
STR-007070,0
STR-008821,0
STR-009722,0
STR-001669,0
STR-005140,0
STR-000219,0
STR-003577,0
STR-010933,0
STR-003550,0
STR-007563,0
STR-002009,0
STR-008392,0
STR-004742,0
STR-009330,0
STR-009513,0
STR-004669,0
STR-003317,0
STR-000610,0
STR-009088,0
STR-004218,0
STR-010757,0
STR-010241,0
STR-001184,0
STR-002177,0
STR-002307,0
STR-001682,0
STR-006501,0
STR-004556,0
STR-002695,0
STR-010445,0
STR-007808,0
STR-006059,0
STR-006315,0
STR-004042,0
STR-000578,0
STR-002670,0
STR-006288,0
STR-006700,0
STR-003604,0
STR-010470,0
STR-010466,0
STR-002317,0
STR-011172,0
STR-003103,0
STR-010558,0
STR-011286,0
STR-010530,0
STR-003714,0
STR-008929,0
STR-005426,0
STR-011132,0
STR-003670,0
STR-007545,0
STR-002349,0
STR-003595,0
STR-000062,0
STR-003196,0
STR-002382,0
STR-005768,0
STR-002915,0
STR-010678,0
STR-004840,0
STR-002111,0
STR-003647,0
STR-005065,0
STR-001777,0
STR-002997,0
STR-001844,0
STR-011949,0
STR-011692,0
STR-011664,0
STR-000627,0
STR-006792,0
STR-010625,0
STR-002238,0
STR-004657,0
STR-006494,0
STR-003086,0
STR-004258,0
STR-002596,0
STR-007347,0
STR-002607,0
STR-002780,0
STR-002169,0
STR-003857,0
STR-010353,0
STR-007675,0
STR-002427,0
STR-006446,0
STR-008295,0
STR-006903,0
STR-003528,0
STR-010698,0
STR-005617,0
STR-010128,0
STR-002305,0
STR-001525,0
STR-000749,0
STR-005781,0
STR-000392,0
STR-004194,0
STR-006111,0
STR-001247,0
STR-010660,0
STR-000500,0
STR-000724,0
STR-003123,0
STR-004992,0
STR-008898,0
STR-002443,0
STR-010620,0
STR-008348,0
STR-000681,0
STR-001076,0
STR-005778,0
STR-008978,0
STR-000631,0
STR-008325,0
STR-007282,0
STR-001290,0
STR-007994,0
STR-004926,0
STR-001263,0
STR-002706,0
STR-007926,0
STR-000866,0
STR-002928,0
STR-000680,0
STR-000137,0
STR-008925,0
STR-004943,0
STR-000744,0
STR-005571,0
STR-006636,0
STR-007524,0
STR-011023,0
STR-010494,0
STR-011024,0
STR-006833,0
STR-007253,0
STR-005473,0
STR-003167,0
STR-000221,0
STR-010199,0
STR-000005,0
STR-011647,0
STR-010456,0
STR-003938,0
STR-011856,0
STR-007427,0
STR-007023,0
STR-005502,0
STR-001378,0
STR-008501,0
STR-001199,0
STR-009238,0
STR-010053,0
STR-010035,0
STR-004358,0
STR-011829,0
STR-008842,0
STR-000673,0
STR-006192,0
STR-003347,0
STR-003610,0
STR-011546,0
STR-008076,0
STR-006236,0
STR-002597,0
STR-010269,0
STR-000825,0
STR-003382,0
STR-001368,0
STR-008407,0
STR-002776,0
STR-010617,0
STR-005428,0
STR-006127,0
STR-001567,0
STR-003158,0
STR-008456,0
STR-004653,0
STR-005302,0
STR-005207,0
STR-004046,0
STR-009615,0
STR-008609,0
STR-007759,0
STR-008535,0
STR-010065,0
STR-007285,0
STR-003200,0
STR-000639,0
STR-005465,0
STR-008487,0
STR-001248,0
STR-004186,0
STR-008293,0
STR-010296,0
STR-011263,0
STR-002677,0
STR-006522,0
STR-003666,0
STR-009191,0
STR-002913,0
STR-003061,0
STR-009598,0
STR-005615,0
STR-004735,0
STR-006887,0
STR-003466,0
STR-010835,0
STR-000972,0
STR-003573,0
STR-004534,0
STR-011760,0
STR-007729,0
STR-000307,0
STR-005420,0
STR-010454,0
STR-009506,0
STR-008368,0
STR-009827,0
STR-007742,0
STR-003084,0
STR-008003,0
STR-009321,0
STR-001067,0
STR-002494,0
STR-010966,0
STR-000008,0
STR-000676,0
STR-007794,0
STR-009991,0
STR-008861,0
STR-000914,0
STR-007910,0
STR-001053,0
STR-004585,0
STR-005861,0
STR-010614,0
STR-005606,0
STR-011629,0
STR-006062,0
STR-011363,0
STR-005306,0
STR-007520,0
STR-006004,0
STR-001501,0
STR-001718,0
STR-008515,0
STR-009578,0
STR-003454,0
STR-005186,0
STR-008418,0
STR-006435,0
STR-003731,0
STR-006037,0
STR-010087,0
STR-000050,0
STR-008682,0
STR-000426,0
STR-008159,0
STR-005485,0
STR-003188,0
STR-000395,0
STR-002688,0
STR-004110,0
STR-000920,0
STR-006691,0
STR-006497,0
STR-007833,0
STR-009040,0
STR-010553,0
STR-005749,0
STR-010360,0
STR-010978,0
STR-007340,0
STR-005567,0
STR-001642,0
STR-009197,0
STR-003914,0
STR-000763,0
STR-009782,0
STR-010439,0
STR-008701,0
STR-007698,0
STR-003500,0
STR-005097,0
STR-010719,0
STR-003051,0
STR-003436,0
STR-004391,0
STR-005008,0
STR-005064,0
STR-004563,0
STR-003630,0
STR-011598,0
STR-007470,0
STR-007662,0
STR-002081,0
STR-009999,0
STR-010868,0
STR-011669,0
STR-001068,0
STR-011404,0
STR-010346,0
STR-003523,0
STR-009652,0
STR-006835,0
STR-008726,0
STR-003136,0
STR-005740,0
STR-000737,0
STR-000052,0
STR-004059,0
STR-007266,0
STR-003904,0
STR-005981,0
STR-009562,0
STR-010815,0
STR-011557,0
STR-009301,0
STR-002440,0
STR-006730,0
STR-000405,0
STR-008503,0
STR-010628,0
STR-001019,0
STR-006784,0
STR-001071,0
STR-008127,0
STR-007363,0
STR-008238,0
STR-002356,0
STR-007071,0
STR-008895,0
STR-002514,0
STR-005229,0
STR-002247,0
STR-007551,0
STR-000764,0
STR-004814,0
STR-011127,0
STR-002253,0
STR-002165,0
STR-001809,0
STR-005664,0
STR-011826,0
STR-002871,0
STR-000267,0
STR-010609,0
STR-007262,0
STR-009922,0
STR-006260,0
STR-008421,0
STR-008069,0
STR-004049,0
STR-010795,0
STR-000943,0
STR-010865,0
STR-002185,0
STR-003214,0
STR-003942,0
STR-007959,0
STR-007648,0
STR-010563,0
STR-007822,0
STR-007555,0
STR-009160,0
STR-011053,0
STR-002058,0
STR-000589,0
STR-001352,0
STR-006347,0
STR-002100,0
STR-006852,0
STR-001510,0
STR-003081,0
STR-009796,0
STR-004430,0
STR-000618,0
STR-002508,0
STR-009876,0
STR-006967,0
STR-005409,0
STR-006627,0
STR-010131,0
STR-006807,0
STR-003605,0
STR-005096,0
STR-000216,0
STR-006884,0
STR-002668,0
STR-000534,0
STR-011869,0
STR-000168,0
STR-009570,0
STR-007447,0
STR-010217,0
STR-003815,0
STR-007454,0
STR-006103,0
STR-008254,0
STR-000444,0
STR-011362,0
STR-006975,0
STR-004773,0
STR-009030,0
STR-010878,0
STR-006514,0
STR-011730,0
STR-002591,0
STR-009596,0
STR-006610,0
STR-009346,0
STR-006901,0
STR-003611,0
STR-008441,0
STR-000248,0
STR-003976,0
STR-000002,0
STR-005284,0
STR-002850,0
STR-006685,0
STR-000817,0
STR-007638,0
STR-006978,0
STR-009951,0
STR-008894,0
STR-006916,0
STR-000485,0
STR-007854,0
STR-009981,0
STR-005552,0
STR-007271,0
STR-008324,0
STR-009879,0
STR-006596,0
STR-008615,0
STR-011910,0
STR-008803,0
STR-006099,0
STR-001440,0
STR-005338,0
STR-009291,0
STR-009629,0
STR-011475,0
STR-007968,0
STR-000915,0
STR-007186,0
STR-004092,0
STR-008005,0
STR-002751,0
STR-005004,0
STR-010637,0
STR-001941,0
STR-010459,0
STR-008839,0
STR-007113,0
STR-007946,0
STR-005822,0
STR-008068,0
STR-002982,0
STR-010981,0
STR-004904,0
STR-005678,0
STR-002067,0
STR-000860,0
STR-005855,0
STR-009897,0
STR-005276,0
STR-009290,0
STR-006754,0
STR-009072,0
STR-002264,0
STR-005345,0
STR-003088,0
STR-009442,0
STR-005436,0
STR-002945,0
STR-003390,0
STR-008610,0
STR-007871,0
STR-000448,0
STR-009987,0
STR-011711,0
STR-001732,0
STR-005414,0
STR-004088,0
STR-011957,0
STR-011909,0
STR-008453,0
STR-006980,0
STR-003145,0
STR-000372,0
STR-007178,0
STR-011207,0
STR-005404,0
STR-002040,0
STR-011687,0
STR-010281,0
STR-009270,0
STR-007335,0
STR-005084,0
STR-004493,0
STR-005847,0
STR-011450,0
STR-005813,0
STR-009073,0
STR-011864,0
STR-001194,0
STR-011556,0
STR-006322,0
STR-009559,0
STR-005720,0
STR-010329,0
STR-008071,0
STR-004871,0
STR-009089,0
STR-008072,0
STR-010736,0
STR-009910,0
STR-008704,0
STR-006641,0
STR-007724,0
STR-006185,0
STR-001182,0
STR-005172,0
STR-009678,0
STR-000846,0
STR-007821,0
STR-000208,0
STR-006268,0
STR-002182,0
STR-002925,0
STR-003548,0
STR-010610,0
STR-006274,0
STR-009911,0
STR-011554,0
STR-010029,0
STR-010516,0
STR-000457,0
STR-009924,0
STR-003717,0
STR-007839,0
STR-000720,0
STR-011112,0
STR-009063,0
STR-008611,0
STR-007884,0
STR-010758,0
STR-000155,0
STR-006914,0
STR-006795,0
STR-005462,0
STR-006906,0
STR-005488,0
STR-009681,0
STR-002627,0
STR-001843,0
STR-001149,0
STR-001465,0
STR-007889,0
STR-011898,0
STR-005598,0
STR-001663,0
STR-000597,0
STR-005858,0
STR-007173,0
STR-002654,0
STR-008549,0
STR-007082,0
STR-001620,0
STR-009101,0
STR-000907,0
STR-009327,0
STR-007045,0
STR-009075,0
STR-002338,0
STR-005550,0
STR-002353,0
STR-002079,0
STR-000239,0
STR-000004,0
STR-005173,0
STR-004135,0
STR-003165,0
STR-009893,0
STR-011456,0
STR-004634,0
STR-007937,0
STR-002759,0
STR-005130,0
STR-000411,0
STR-008571,0
STR-006595,0
STR-001140,0
STR-006456,0
STR-010138,0
STR-002574,0
STR-009193,0
STR-009324,0
STR-002792,0
STR-000127,0
STR-007264,0
STR-004445,0
STR-004506,0
STR-011059,0
STR-002414,0
STR-011035,0
STR-001358,0
STR-002130,0
STR-005380,0
STR-009394,0
STR-005013,0
STR-003160,0
STR-006487,0
STR-003781,0
STR-009381,0
STR-008047,0
STR-010548,0
STR-004807,0
STR-006337,0
STR-002168,0
STR-003246,0
STR-000593,0
STR-005738,0
STR-003474,0
STR-009554,0
STR-001262,0
STR-009026,0
STR-002437,0
STR-001165,0
STR-005875,0
STR-003657,0
STR-006313,0
STR-003257,0
STR-007870,0
STR-006768,0
STR-001154,0
STR-006252,0
STR-002856,0
STR-003978,0
STR-006093,0
STR-000997,0
STR-003080,0
STR-010260,0
STR-010560,0
STR-005199,0
STR-004250,0
STR-001717,0
STR-001430,0
STR-005118,0
STR-007448,0
STR-003870,0
STR-011249,0
STR-000864,0
STR-004327,0
STR-007331,0
STR-005460,0
STR-003785,0
STR-000481,0
STR-005683,0
STR-011270,0
STR-009134,0
STR-001953,0
STR-002428,0
STR-002592,0
STR-003958,0
STR-009156,0
STR-010460,0
STR-005256,0
STR-007220,0
STR-007751,0
STR-011354,0
STR-009439,0
STR-010484,0
STR-009883,0
STR-002311,0
STR-000992,0
STR-000818,0
STR-003428,0
STR-004547,0
STR-001544,0
STR-001687,0
STR-003866,0
STR-007129,0
STR-009062,0
STR-001221,0
STR-004297,0
STR-011986,0
STR-002371,0
STR-010994,0
STR-009312,0
STR-000285,0
STR-009328,0
STR-010050,0
STR-000139,0
STR-009687,0
STR-002864,0
STR-003033,0
STR-003244,0
STR-004562,0
STR-011984,0
STR-001550,0
STR-004053,0
STR-004784,0
STR-000048,0
STR-007051,0
STR-005424,0
STR-002071,0
STR-004540,0
STR-008632,0
STR-004028,0
STR-006263,0
STR-008769,0
STR-007395,0
STR-002671,0
STR-005216,0
STR-001672,0
STR-007052,0
STR-000932,0
STR-008202,0
STR-004797,0
STR-004553,0
STR-007469,0
STR-000161,0
STR-011162,0
STR-001783,0
STR-008987,0
STR-011971,0
STR-009079,0
STR-004406,0
STR-005910,0
STR-006834,0
STR-005991,0
STR-004336,0
STR-001245,0
STR-009534,0
STR-005957,0
STR-002848,0
STR-004630,0
STR-006794,0
STR-001702,0
STR-006378,0
STR-007043,0
STR-002833,0
STR-010630,0
STR-010983,0
STR-006230,0
STR-003738,0
STR-005928,0
STR-011167,0
STR-003957,0
STR-009032,0
STR-011071,0
STR-009157,0
STR-010101,0
STR-007866,0
STR-000979,0
STR-008962,0
STR-004827,0
STR-000165,0
STR-008942,0
STR-010256,0
STR-002582,0
STR-006597,0
STR-006392,0
STR-004712,0
STR-003426,0
STR-009706,0
STR-001241,0
STR-000897,0
STR-003836,0
STR-004165,0
STR-002224,0
STR-000891,0
STR-001401,0
STR-003268,0
STR-005200,0
STR-006333,0
STR-009237,0
STR-005365,0
STR-001137,0
STR-003458,0
STR-010891,0
STR-005069,0
STR-008654,0
STR-002004,0
STR-000893,0
STR-004994,0
STR-005576,0
STR-002585,0
STR-003926,0
STR-008764,0
STR-002310,0
STR-006921,0
STR-000154,0
STR-006827,0
STR-007111,0
STR-006780,0
STR-003758,0
STR-000092,0
STR-006531,0
STR-001231,0
STR-005189,0
STR-011833,0
STR-009368,0
STR-009464,0
STR-009113,0
STR-011214,0
STR-010807,0
STR-011189,0
STR-009357,0
STR-003655,0
STR-004996,0
STR-001306,0
STR-007850,0
STR-007461,0
STR-000957,0
STR-002366,0
STR-008628,0
STR-009465,0
STR-003913,0
STR-007152,0
STR-011010,0
STR-008901,0
STR-005811,0
STR-004452,0
STR-001294,0
STR-010428,0
STR-009504,0
STR-002647,0
STR-006544,0
STR-004019,0
STR-003380,0
STR-000310,0
STR-009982,0
STR-001956,0
STR-009679,0
STR-011140,0
STR-005499,0
STR-008590,0
STR-002452,0
STR-010414,0
STR-011040,0
STR-007931,0
STR-011617,0
STR-004204,0
STR-006067,0
STR-005859,0
STR-010883,0
STR-001150,0
STR-009202,0
STR-005021,0
STR-008088,0
STR-010850,0
STR-008852,0
STR-003867,0
STR-001283,0
STR-006391,0
STR-011398,0
STR-011473,0
STR-004726,0
STR-000353,0
STR-003960,0
STR-000752,0
STR-011380,0
STR-004564,0
STR-010816,0
STR-006564,0
STR-003696,0
STR-005155,0
STR-009836,0
STR-003071,0
STR-002664,0
STR-001551,0
STR-006006,0
STR-001785,0
STR-006021,0
STR-005791,0
STR-003619,0
STR-003542,0
STR-006634,0
STR-005653,0
STR-003224,0
STR-008246,0
STR-010057,0
STR-004933,0
STR-007703,0
STR-000688,0
STR-009913,0
STR-008474,0
STR-004592,0
STR-003842,0
STR-010444,0
STR-003042,0
STR-009009,0
STR-006249,0
STR-009749,0
STR-010906,0
STR-007075,0
STR-008653,0
STR-008081,0
STR-004635,0
STR-008148,0
STR-004639,0
STR-003423,0
STR-000575,0
STR-006688,0
STR-004937,0
STR-007221,0
STR-002629,0
STR-001996,0
STR-000039,0
STR-009406,0
STR-010716,0
STR-003756,0
STR-005924,0
STR-000547,0
STR-005509,0
STR-003560,0
STR-003274,0
STR-003625,0
STR-003412,0
STR-009536,0
STR-008227,0
STR-000520,0
STR-004664,0
STR-003642,0
STR-008766,0
STR-000999,0
STR-000199,0
STR-007876,0
STR-002171,0
STR-004367,0
STR-009412,0
STR-002358,0
STR-005237,0
STR-008904,0
STR-001503,0
STR-003369,0
STR-010348,0
STR-008629,0
STR-009068,0
STR-005196,0
STR-008705,0
STR-005775,0
STR-002754,0
STR-007033,0
STR-000308,0
STR-011490,0
STR-006837,0
STR-002679,0
STR-002969,0
STR-008336,0
STR-001107,0
STR-010845,0
STR-006904,0
STR-005376,0
STR-009254,0
STR-007810,0
STR-001336,0
STR-011058,0
STR-006551,0
STR-010533,0
STR-011542,0
STR-005931,0
STR-001425,0
STR-004418,0
STR-008371,0
STR-001287,0
STR-005835,0
STR-010587,0
STR-008695,0
STR-007628,0
STR-000929,0
STR-009377,0
STR-011814,0
STR-006883,0
STR-005054,0
STR-003521,0
STR-006029,0
STR-000774,0
STR-009424,0
STR-008232,0
STR-009971,0
STR-009435,0
STR-006407,0
STR-004860,0
STR-006974,0
STR-001753,0
STR-004214,0
STR-011211,0
STR-005682,0
STR-011601,0
STR-007144,0
STR-005614,0
STR-001405,0
STR-008884,0
STR-000169,0
STR-011785,0
STR-011743,0
STR-008442,0
STR-005026,0
STR-004485,0
STR-010430,0
STR-007772,0
STR-011594,0
STR-004347,0
STR-007159,0
STR-004874,0
STR-002644,0
STR-006334,0
STR-011558,0
STR-011955,0
STR-004442,0
STR-003140,0
STR-008010,0
STR-002464,0
STR-008222,0
STR-004356,0
STR-011402,0
STR-006659,0
STR-005538,0
STR-010705,0
STR-000658,0
STR-007235,0
STR-007332,0
STR-005350,0
STR-001267,0
STR-009100,0
STR-011208,0
STR-001201,0
STR-010282,0
STR-001980,0
STR-006217,0
STR-011616,0
STR-011291,0
STR-010438,0
STR-007401,0
STR-001069,0
STR-001288,0
STR-011397,0
STR-004740,0
STR-007962,0
STR-011440,0
STR-011265,0
STR-007365,0
STR-007055,0
STR-009675,0
STR-002622,0
STR-008657,0
STR-002717,0
STR-000456,0
STR-000513,0
STR-009400,0
STR-009707,0
STR-005034,0
STR-008604,0
STR-003131,0
STR-004808,0
STR-000478,0
STR-006018,0
STR-009870,0
STR-009317,0
STR-009343,0
STR-011705,0
STR-011343,0
STR-003763,0
STR-006343,0
STR-008480,0
STR-009371,0
STR-004138,0
STR-000387,0
STR-000252,0
STR-003813,0
STR-010216,0
STR-010207,0
STR-010259,0
STR-009011,0
STR-010055,0
STR-006939,0
STR-003228,0
STR-005626,0
STR-002537,0
STR-005656,0
STR-008454,0
STR-007329,0
STR-002872,0
STR-004199,0
STR-006467,0
STR-009714,0
STR-009264,0
STR-006604,0
STR-003416,0
STR-005719,0
STR-003767,0
STR-008125,0
STR-011694,0
STR-003386,0
STR-002355,0
STR-000116,0
STR-006118,0
STR-009748,0
STR-011458,0
STR-010218,0
STR-006432,0
STR-002285,0
STR-011978,0
STR-011183,0
STR-007279,0
STR-005802,0
STR-008347,0
STR-002418,0
STR-010172,0
STR-006437,0
STR-011333,0
STR-000692,0
STR-010084,0
STR-001317,0
STR-000708,0
STR-007380,0
STR-001398,0
STR-001156,0
STR-007775,0
STR-001876,0
STR-005210,0
STR-011700,0
STR-007668,0
STR-008788,0
STR-001667,0
STR-000796,0
STR-003341,0
STR-007722,0
STR-007557,0
STR-010741,0
STR-000986,0
STR-004221,0
STR-007956,0
STR-003806,0
STR-000072,0
STR-011266,0
STR-006930,0
STR-009532,0
STR-006504,0
STR-006108,0
STR-008217,0
STR-010394,0
STR-006208,0
STR-008328,0
STR-001889,0
STR-002052,0
STR-001006,0
STR-005335,0
STR-004261,0
STR-007845,0
STR-002840,0
STR-001320,0
STR-011962,0
STR-005867,0
STR-003267,0
STR-000203,0
STR-010452,0
STR-003427,0
STR-002713,0
STR-002076,0
STR-004757,0
STR-010657,0
STR-002685,0
STR-005848,0
STR-004946,0
STR-004815,0
STR-010615,0
STR-001429,0
STR-004900,0
STR-002212,0
STR-005280,0
STR-009303,0
STR-006747,0
STR-004659,0
STR-007229,0
STR-008030,0
STR-004109,0
STR-005100,0
STR-006182,0
STR-000604,0
STR-004938,0
STR-011673,0
STR-000028,0
STR-008329,0
STR-001713,0
STR-005718,0
STR-009561,0
STR-007688,0
STR-007992,0
STR-011882,0
STR-005851,0
STR-001322,0
STR-006902,0
STR-008016,0
STR-007580,0
STR-008146,0
STR-005896,0
STR-005122,0
STR-002746,0
STR-001302,0
STR-010623,0
STR-000082,0
STR-007780,0
STR-001205,0
STR-003855,0
STR-004001,0
STR-001118,0
STR-004738,0
STR-010782,0
STR-000700,0
STR-002851,0
STR-006169,0
STR-011947,0
STR-006616,0
STR-006123,0
STR-006857,0
STR-005188,0
STR-002438,0
STR-011688,0
STR-007955,0
STR-002516,0
STR-004988,0
STR-008307,0
STR-011231,0
STR-001819,0
STR-010106,0
STR-002541,0
STR-007934,0
STR-005480,0
STR-010529,0
STR-002962,0
STR-000674,0
STR-011267,0
STR-009322,0
STR-011540,0
STR-008719,0
STR-006476,0
STR-008362,0
STR-006753,0
STR-008777,0
STR-007616,0
STR-004344,0
STR-011745,0
STR-008592,0
STR-010621,0
STR-006601,0
STR-003498,0
STR-002877,0
STR-005242,0
STR-010064,0
STR-011305,0
STR-001070,0
STR-005577,0
STR-011072,0
STR-003041,0
STR-004251,0
STR-001494,0
STR-007074,0
STR-008189,0
STR-000530,0
STR-004220,0
STR-000017,0
STR-011782,0
STR-004641,0
STR-008277,0
STR-008439,0
STR-007650,0
STR-004035,0
STR-000672,0
STR-005000,0
STR-003710,0
STR-004756,0
STR-005158,0
STR-005490,0
STR-011605,0
STR-002133,0
STR-001790,0
STR-011713,0
STR-010000,0
STR-004631,0
STR-004619,0
STR-010041,0
STR-007219,0
STR-008314,0
STR-009750,0
STR-006383,0
STR-004511,0
STR-005152,0
STR-000803,0
STR-000058,0
STR-002527,0
STR-006284,0
STR-002866,0
STR-002321,0
STR-001848,0
STR-011415,0
STR-003172,0
STR-008858,0
STR-001407,0
STR-009119,0
STR-011454,0
STR-002164,0
STR-004869,0
STR-002223,0
STR-008928,0
STR-003553,0
STR-002110,0
STR-000363,0
STR-009220,0
STR-006073,0
STR-002246,0
STR-003702,0
STR-010162,0
STR-000365,0
STR-001877,0
STR-010198,0
STR-008945,0
STR-002221,0
STR-006621,0
STR-004286,0
STR-006307,0
STR-005375,0
STR-007903,0
STR-011796,0
STR-009436,0
STR-007721,0
STR-005315,0
STR-008960,0
STR-002870,0
STR-004460,0
STR-010392,0
STR-000964,0
STR-010751,0
STR-010910,0
STR-011728,0
STR-009126,0
STR-005823,0
STR-008910,0
STR-004446,0
STR-002863,0
STR-001728,0
STR-005136,0
STR-005469,0
STR-007109,0
STR-000400,0
STR-011344,0
STR-008891,0
STR-002485,0
STR-006258,0
STR-001627,0
STR-010388,0
STR-005776,0
STR-001193,0
STR-010036,0
STR-007953,0
STR-009467,0
STR-010961,0
STR-006348,0
STR-011977,0
STR-005792,0
STR-006080,0
STR-007732,0
STR-008190,0
STR-011118,0
STR-004661,0
STR-006797,0
STR-007771,0
STR-005547,0
STR-010684,0
STR-010009,0
STR-009200,0
STR-010237,0
STR-007053,0
STR-008689,0
STR-006244,0
STR-009866,0
STR-001252,0
STR-009211,0
STR-008717,0
STR-003096,0
STR-004914,0
STR-001817,0
STR-001917,0
STR-002722,0
STR-010824,0
STR-011712,0
STR-009789,0
STR-000209,0
STR-001475,0
STR-010395,0
STR-004079,0
STR-000186,0
STR-008771,0
STR-001915,0
STR-002690,0
STR-004354,0
STR-010169,0
STR-001822,0
STR-006496,0
STR-006232,0
STR-011581,0
STR-003374,0
STR-001699,0
STR-005854,0
STR-000685,0
STR-002250,0
STR-006539,0
STR-002059,0
STR-008956,0
STR-004655,0
STR-004052,0
STR-011690,0
STR-007579,0
STR-000927,0
STR-005735,0
STR-009823,0
STR-003046,0
STR-007530,0
STR-002895,0
STR-006221,0
STR-005273,0
STR-011778,0
STR-001625,0
STR-005949,0
STR-004462,0
STR-006938,0
STR-008070,0
STR-004105,0
STR-005224,0
STR-011534,0
STR-009281,0
STR-011238,0
STR-010695,0
STR-004129,0
STR-002512,0
STR-003413,0
STR-007117,0
STR-009713,0
STR-010980,0
STR-002085,0
STR-010472,0
STR-004136,0
STR-009133,0
STR-005685,0
STR-000511,0
STR-004421,0
STR-003734,0
STR-010780,0
STR-006590,0
STR-005031,0
STR-007975,0
STR-009278,0
STR-002696,0
STR-002601,0
STR-006065,0
STR-003886,0
STR-010330,0
STR-011925,0
STR-009844,0
STR-002630,0
STR-003478,0
STR-001045,0
STR-003430,0
STR-007969,0
STR-000297,0
STR-009293,0
STR-000313,0
STR-011379,0
STR-011874,0
STR-005429,0
STR-010156,0
STR-009739,0
STR-006959,0
STR-007398,0
STR-006464,0
STR-003306,0
STR-003205,0
STR-003701,0
STR-000856,0
STR-004566,0
STR-004290,0
STR-006533,0
STR-007984,0
STR-002561,0
STR-009692,0
STR-006115,0
STR-001622,0
STR-004269,0
STR-009663,0
STR-003868,0
STR-011952,0
STR-005290,0
STR-009184,0
STR-010592,0
STR-004401,0
STR-000359,0
STR-004645,0
STR-005774,0
STR-001693,0
STR-006466,0
STR-009103,0
STR-009256,0
STR-005363,0
STR-000621,0
STR-003807,0
STR-007896,0
STR-005190,0
STR-006720,0
STR-008021,0
STR-011901,0
STR-003260,0
STR-006248,0
STR-000342,0
STR-010545,0
STR-006325,0
STR-010631,0
STR-005901,0
STR-008429,0
STR-010566,0
STR-010880,0
STR-009483,0
STR-006806,0
STR-008259,0
STR-000871,0
STR-011042,0
STR-001854,0
STR-007564,0
STR-008406,0
STR-004568,0
STR-007223,0
STR-010336,0
STR-006139,0
STR-004013,0
STR-004130,0
STR-006053,0
STR-009779,0
STR-001198,0
STR-003832,0
STR-008173,0
STR-001382,0
STR-007115,0
STR-009355,0
STR-009182,0
STR-005832,0
STR-008991,0
STR-007136,0
STR-008986,0
STR-007756,0
STR-006673,0
STR-002399,0
STR-010028,0
STR-005059,0
STR-007639,0
STR-003999,0
STR-007304,0
STR-000328,0
STR-005157,0
STR-003481,0
STR-005212,0
STR-002581,0
STR-009048,0
STR-001643,0
STR-010367,0
STR-000070,0
STR-008142,0
STR-008700,0
STR-011506,0
STR-001788,0
STR-007302,0
STR-011602,0
STR-006756,0
STR-001100,0
STR-007982,0
STR-009861,0
STR-002648,0
STR-003660,0
STR-001711,0
STR-010205,0
STR-006761,0
STR-001935,0
STR-011235,0
STR-001820,0
STR-007452,0
STR-011156,0
STR-002077,0
STR-005916,0
STR-007477,0
STR-009177,0
STR-008551,0
STR-007298,0
STR-005219,0
STR-009832,0
STR-006566,0
STR-000629,0
STR-006256,0
STR-005856,0
STR-001167,0
STR-004681,0
STR-006985,0
STR-007696,0
STR-006888,0
STR-000931,0
STR-002693,0
STR-007665,0
STR-011197,0
STR-009372,0
STR-006414,0
STR-003330,0
STR-008804,0
STR-010922,0
STR-006366,0
STR-008458,0
STR-003090,0
STR-005769,0
STR-005728,0
STR-007558,0
STR-005628,0
STR-006101,0
STR-006849,0
STR-003331,0
STR-004716,0
STR-005169,0
STR-007310,0
STR-005439,0
STR-001706,0
STR-003975,0
STR-001212,0
STR-008465,0
STR-007837,0
STR-001293,0
STR-003312,0
STR-009843,0
STR-004790,0
STR-008799,0
STR-011866,0
STR-008845,0
STR-001098,0
STR-002526,0
STR-008144,0
STR-006568,0
STR-001233,0
STR-004146,0
STR-007967,0
STR-008902,0
STR-011254,0
