Temperature_K,Radius_RSun,Absolute_Magnitude_Mv,Luminosity_LSun
18418.0,6.6017,-4.5221,5277.282731
42905.4,6.2347,-8.1748,122712.960567
33609.7,22.6639,-9.4463,546777.17833
27943.0,6.2987,-6.5893,22921.409793
9130.8,6.857,-1.3012,277.501106
9129.8,19.0042,-3.4566,2071.231844
4968.6,11.2875,0.5715,60.652201
39312.5,19.4356,-9.4689,656012.109104
28047.4,1.7089,-3.2699,1547.335041
32593.1,12.2303,-8.1789,154348.03269
3374.8,0.9177,7.1729,0.096877
43721.2,1.6413,-5.2629,8401.639026
37878.8,22.6684,-9.9126,847285.816733
11524.4,3.55,-1.3172,214.545464
10227.6,13.3479,-3.2091,1493.354168
10294.7,10.3245,-3.0976,1179.028879
15430.3,8.7358,-3.8745,3441.60371
24802.1,22.5038,-7.71,157089.503936
20857.7,0.6238,0.1455,55.418602
14877.2,16.6216,-5.7787,11433.94489
28503.7,24.0878,-9.1685,386296.129115
8428.5,14.0394,-2.6097,949.417959
14916.1,23.4256,-6.2101,27408.758482
18070.4,1.3823,-1.0045,194.604975
21883.0,10.5163,-5.969,19930.835221
35870.0,6.5631,-7.0501,61488.997778
10986.1,18.2921,-3.9102,3982.30494
24355.0,24.5339,-9.0291,222903.642584
27677.6,6.4727,-5.9653,19107.70787
4474.1,16.382,-0.1941,107.408824
28320.7,5.0166,-5.9211,16168.04196
9747.3,14.168,-3.0032,2024.85057
5264.7,11.6412,-0.2014,88.925501
42827.6,24.3024,-10.9008,1941808.967057
43539.4,15.2445,-10.0149,985265.950632
36856.9,8.7897,-8.0046,118774.674621
15446.1,2.9233,-2.0314,362.995606
6651.1,3.8491,1.4299,20.75817
31579.9,5.6949,-6.1593,31524.496814
21206.5,6.3341,-4.6642,5807.532121
7686.6,21.2774,-3.2123,1356.014246
23545.0,14.0657,-6.8376,57490.713187
3961.5,13.1229,0.7722,38.90846
41146.1,2.94,-6.2203,23392.899031
13498.1,21.5147,-5.5102,14159.283875
30657.2,18.0925,-8.679,302459.254183
15747.7,1.7663,-0.0402,153.552588
24602.9,17.7193,-7.4093,95157.557154
25735.2,13.625,-6.9385,66589.078895
10356.3,2.1166,0.4329,51.080161
43707.3,11.5009,-9.6352,482494.34341
35443.1,12.1586,-8.5152,220955.087702
42428.7,4.2111,-7.0782,59429.018276
40530.2,23.6468,-10.615,1175313.985518
27910.7,21.2614,-8.9089,300640.111264
41679.7,16.752,-9.9704,912232.699036
6260.9,11.6004,-0.8467,202.641847
10829.3,10.3412,-3.0771,1634.133535
4422.2,16.3023,0.2188,74.745949
16326.5,13.6722,-5.4188,11189.456383
19018.8,1.6318,-1.4401,286.192702
14032.3,12.8516,-4.962,6265.009381
37721.3,20.1756,-9.2592,651871.548723
17662.0,11.5243,-5.426,12698.546832
14439.7,1.3748,-0.0737,86.896632
25564.6,19.6741,-8.4209,161236.415472
8489.3,5.098,0.319,125.302044
36593.4,6.5248,-7.3987,60835.175712
5668.4,4.1845,1.8081,14.6515
44442.7,8.309,-8.6868,280743.025455
35320.4,18.9382,-9.3707,549905.481974
10945.4,13.0231,-3.2736,2173.771829
2734.7,5.1856,5.011,1.283358
37157.1,21.9555,-9.5699,646501.606646
32541.4,21.9992,-9.5131,428195.312002
33482.8,21.7748,-9.8035,672512.466151
35279.0,6.0308,-6.6855,43348.404392
5646.9,11.3249,0.1519,119.693866
17734.8,24.6259,-7.4782,60741.20259
7424.4,19.3186,-2.2246,875.168886
39181.9,0.757,-2.8577,1238.977889
28990.2,1.7049,-3.246,2061.435356
16563.2,11.6412,-5.1008,9164.482291
5201.2,22.7378,-2.0814,478.95806
15716.7,13.5044,-4.7631,8172.121127
16320.3,12.4855,-5.1359,11266.485962
33508.3,2.7084,-4.7018,8126.788466
29596.2,16.447,-8.4489,204283.546363
40206.5,20.5668,-10.3685,1045705.75387
22569.1,9.5601,-6.2839,19483.303977
7582.8,19.4082,-2.6154,1148.431008
32812.9,24.1148,-9.2761,483959.650933
34833.4,5.1579,-6.8546,37778.884015
26354.3,13.1214,-7.5241,77231.028287
35266.1,7.2355,-7.523,78440.125021
23486.3,19.8379,-8.2565,121979.320558
24716.1,14.4736,-7.5372,73303.746264
20670.5,15.8938,-7.0146,42117.840372
3580.3,19.964,0.419,52.863101
7085.4,9.9476,-1.1363,205.428854
3835.7,22.884,-0.7497,117.273346
29547.4,13.3631,-7.5684,145090.051296
15860.1,4.0162,-2.2302,889.908969
24114.3,17.4218,-7.7812,92591.047639
41071.6,19.8481,-9.9903,902293.216606
13094.9,7.9737,-3.28,1930.810823
19941.3,21.4409,-6.9949,70642.523638
34610.9,22.6611,-10.1783,834586.555577
12223.9,6.9805,-2.2563,878.468301
5771.6,24.5894,-2.2067,575.284818
14814.4,3.5865,-2.3966,571.53332
9351.9,5.1142,-0.7083,193.973656
42012.2,4.6709,-6.7822,59422.083287
36845.1,22.3582,-9.2025,744371.087062
29419.7,16.385,-8.7256,200570.289031
39537.1,3.8704,-6.3803,35810.518426
36656.1,11.0529,-8.3941,177284.393957
10429.2,15.4132,-3.655,2967.050317
40433.8,2.1599,-5.8119,12874.456324
25422.0,22.0698,-8.6565,185493.258303
36816.2,20.1058,-9.9336,672724.11144
40583.9,12.6698,-9.202,417556.560764
16015.1,24.1808,-6.5629,31120.520678
7177.2,10.4906,-1.0549,262.952766
12187.2,24.604,-4.8292,9254.483877
20652.1,16.7246,-6.7829,50714.441253
37265.6,15.896,-8.6636,362511.686801
39081.0,4.2156,-6.6881,44547.561126
2795.5,22.0576,1.0042,25.622422
24206.8,10.733,-6.1768,34598.01458
20240.0,4.1229,-3.7598,2373.618795
11939.6,0.3942,3.9645,2.736673
7594.3,14.0291,-1.8836,696.343334
16848.6,13.2228,-4.9862,9378.718993
42573.7,18.0063,-10.6612,1113914.792409
16236.1,22.2652,-6.6688,32187.701066
24548.6,2.0588,-2.5326,1194.884554
32378.3,18.3089,-8.8703,290529.483551
17954.3,4.7503,-3.676,2572.578309
43800.7,21.4658,-10.3129,1358417.297237
43404.0,20.4911,-10.161,1164209.091755
13200.7,13.5566,-4.4974,5739.258604
23633.1,17.7793,-7.6333,92138.362151
15287.3,7.9136,-3.8434,2742.108369
14605.7,11.8215,-4.3746,5856.212226
4067.7,20.5552,0.0617,91.763315
28406.5,11.5249,-7.6023,88552.933278
23863.9,8.9963,-5.9677,26748.364908
4687.8,12.3958,0.1701,70.967014
14342.5,20.72,-5.9604,17022.079474
41101.3,8.4334,-8.74,224957.673233
12681.4,4.4101,-2.0508,451.277991
8658.0,17.8234,-3.0955,1389.803594
23301.7,20.6634,-7.5522,119198.424976
44390.1,2.5879,-6.5629,29966.870724
12787.3,6.0577,-2.3522,779.359076
31065.8,3.6179,-5.3844,10473.775639
34868.8,8.7507,-7.8061,106764.862865
12599.6,11.3027,-4.1922,2869.954253
33449.2,18.7408,-9.0872,350601.266635
18130.8,16.3066,-6.3928,29495.028803
29373.0,15.5535,-8.3581,213427.876012
29425.0,8.8612,-6.9466,54070.628835
25270.4,21.0489,-8.3763,145439.322338
6337.3,11.8245,-0.4623,168.015873
38000.4,24.4793,-10.2751,1156332.769303
16133.2,15.8828,-5.7283,17504.556713
10427.0,3.2265,-0.3417,116.886673
4232.9,16.9303,-0.0911,82.540306
27613.0,8.1816,-6.3963,32531.690629
31296.5,17.1833,-8.4215,222928.434073
3205.0,1.8155,5.5491,0.34488
24264.0,4.438,-4.8915,6835.042458
12126.1,21.405,-4.9043,7383.177606
29919.8,5.7413,-6.25,28681.69447
9910.6,20.9391,-3.8945,4065.532426
31864.9,7.0396,-7.1984,54221.180341
18936.3,16.1006,-6.309,25456.903475
42311.0,17.3782,-9.967,737114.279957
8344.6,12.8554,-2.4927,706.195519
16995.3,7.6883,-4.437,4699.75698
7322.6,5.3791,0.1062,92.596332
41799.5,0.9071,-3.9076,2452.792499
39786.9,7.6543,-7.8306,127943.967739
13462.5,16.3568,-5.2037,6971.130097
30549.3,23.4626,-9.5547,498595.89036
37231.9,21.7904,-9.9094,729134.687413
26096.0,19.1703,-7.9246,185915.448809
25010.1,19.7281,-8.0405,132039.864192
12778.7,16.6514,-5.4819,8028.530444
6456.9,6.5663,-0.3272,72.94709
40631.7,22.6873,-10.3934,1238153.803132
40767.8,16.7946,-9.5601,656796.639657
29406.8,14.0462,-7.8362,127066.652464
16908.8,2.8459,-2.1183,625.296085
17341.4,11.2206,-4.9126,10310.559538
33353.1,11.5521,-8.1544,137978.949897
40627.2,21.6249,-10.0699,1120557.406742
40201.2,13.7025,-9.6968,444158.289227
35644.7,9.5596,-7.9233,102519.931425
29786.3,24.4219,-9.7427,445034.745145
6075.9,2.8392,2.4046,8.763277
9369.2,10.6099,-2.2591,677.673487
40688.6,1.1273,-3.6587,2552.034722
28273.2,18.5184,-8.1548,158529.457387
2890.9,22.9585,0.9775,28.070692
6812.5,7.0585,-0.0841,88.430881
30698.8,21.4699,-9.7114,464334.174057
2715.1,7.3621,4.1842,2.481068
9334.3,22.7764,-4.1396,3609.591878
25821.2,18.8687,-8.2251,148987.965509
31905.5,20.1383,-8.7308,383027.266196
30208.4,0.5287,-1.2701,206.927917
12031.4,24.0732,-5.3887,9439.235999
32767.6,18.1886,-9.4688,407272.763661
12583.1,7.6744,-3.2277,1645.544988
16329.5,20.7485,-5.9397,22442.009794
34225.9,7.0955,-6.8324,54816.084054
30109.4,21.829,-8.355,339769.542065
38592.0,2.8855,-6.155,14758.924576
30448.5,17.6159,-8.5311,254291.704178
26653.1,13.5542,-7.5145,76221.202951
6481.2,2.4856,1.9254,12.682775
18127.9,6.108,-4.3753,4169.893702
13771.1,0.3891,2.8528,5.011693
12869.6,11.7617,-3.7129,3851.29146
43852.9,7.5875,-8.3062,218132.461206
19206.7,14.9911,-6.1866,25643.157609
40412.0,7.4872,-7.5448,121626.389089
29323.4,7.554,-7.0036,38209.491163
36279.5,18.6004,-9.9414,596323.492123
23862.1,1.2797,-2.4275,484.394851
27018.4,22.5801,-8.6068,201742.320062
23432.0,21.3184,-7.7491,111634.342784
10797.8,16.7217,-3.9666,3380.186498
33204.2,14.8631,-8.5775,238746.544908
14432.8,22.3162,-6.4986,24566.010156
3533.4,4.6984,3.9874,2.614262
29932.6,2.0479,-3.8762,3209.49985
10027.2,6.0486,-1.483,396.756135
42469.5,19.8809,-11.0943,1515120.145072
43042.0,0.944,-3.6354,2614.034241
41381.7,14.6035,-9.9036,595185.544867
18231.7,24.8863,-7.3139,65738.047067
3156.9,21.4039,0.9108,41.793802
41953.5,13.0744,-9.3264,469524.439235
20697.8,1.6659,-2.0894,481.530794
43582.8,20.7978,-10.204,1033281.502026
43453.8,15.0065,-10.2857,781826.762978
38752.9,2.9441,-5.5089,17807.240239
15014.1,2.4189,-1.2577,259.737369
18866.7,22.7479,-7.0809,75201.220471
38673.3,16.7565,-9.5909,519667.842081
15969.2,20.7458,-6.2481,23926.322191
9703.4,21.9842,-4.5826,4882.059362
26164.1,14.3286,-7.1828,78118.219582
42286.6,12.9748,-9.4854,452094.727387
32081.3,10.8063,-7.6028,109039.459343
26727.6,7.9783,-6.5365,32237.885458
6630.0,10.9101,-1.4776,211.560156
28637.8,19.3651,-8.5309,193785.786443
44577.3,15.0799,-10.1608,755803.787224
8453.6,22.3217,-3.4787,2122.520459
24529.0,11.129,-6.9689,39856.592755
39788.4,15.2087,-9.2842,547380.600513
33982.7,15.8122,-8.937,314556.248357
32123.2,14.8251,-8.2884,169668.33449
32355.6,17.5896,-8.8526,345658.700743
17778.4,5.9968,-3.7327,3322.507147
14977.7,12.8481,-5.0363,8800.320427
36897.8,2.6773,-5.6114,12572.795799
36929.8,9.662,-8.7383,177799.471981
39350.6,12.2327,-9.1716,340447.642191
41312.7,16.3334,-10.1082,819480.981201
24232.1,23.7672,-8.3173,186048.066869
23814.4,15.0482,-7.2816,64583.14199
36427.5,18.6104,-9.6394,718700.154704
30123.5,12.6962,-8.1287,132490.95953
32333.6,15.8819,-8.7423,264978.094899
36321.2,1.8476,-4.0246,4573.465579
40325.2,6.4194,-7.3922,83762.685254
16864.8,9.0974,-4.6698,6221.592753
18462.3,11.8545,-5.7539,14906.773326
6494.2,1.2176,3.8167,2.197766
27076.9,3.5694,-4.8722,6249.192783
4027.5,6.9782,1.8364,13.910168
22287.9,24.2906,-7.8618,141998.942435
25562.4,8.3372,-6.1401,23220.370831
14678.0,12.0925,-4.9544,6008.637312
27610.4,4.9668,-4.8964,11678.199047
3796.3,15.3006,0.8612,41.641655
4087.3,7.0746,1.787,11.925766
37460.5,5.2383,-6.9321,45778.952878
17808.1,12.953,-5.429,13022.329
7900.1,0.2172,7.2299,0.162367
24695.3,0.271,1.1529,22.9104
35224.7,5.5392,-6.1123,29819.777687
11672.4,0.9951,1.8692,21.098479
28972.8,2.772,-4.6851,5535.833856
6127.3,8.5244,-0.0986,87.836394
4696.5,20.0804,-1.0453,176.402293
25082.6,14.3355,-7.2262,63407.370097
25477.0,12.8557,-7.3893,76567.72756
29590.8,7.3937,-6.6904,47219.493775
33358.9,23.2993,-9.3689,614593.234933
43973.7,9.9736,-9.2988,377319.4953
24442.8,2.2504,-3.7096,1656.254646
16225.7,15.4573,-5.4311,12656.147088
36295.4,2.9169,-5.3483,12608.503253
14010.4,8.683,-3.6649,2647.887297
21156.3,12.7247,-6.3523,27558.405691
5834.4,21.8656,-1.8513,484.17475
3577.4,12.3792,1.8394,22.273248
43412.6,17.5803,-10.0475,975412.515837
38029.2,24.821,-10.4276,1163371.506841
32078.9,3.3567,-5.2309,9425.870849
19880.5,6.9263,-4.6881,6169.292149
9865.0,9.9128,-1.8976,715.696685
9148.6,10.592,-2.4639,792.89419
13135.3,10.3226,-3.5362,2210.540102
25842.1,22.6977,-8.7263,236747.529357
32870.3,17.8737,-8.8872,395170.58777
30558.4,15.229,-7.7876,174987.108353
14397.2,7.7896,-3.1408,1711.450177
43081.8,20.6089,-10.3977,1257019.871018
33860.6,23.8801,-9.7218,667416.61241
26060.0,20.5443,-8.7398,154704.886842
28498.1,0.119,2.7752,7.878004
20333.0,15.9391,-6.8124,46813.526322
13028.6,1.3543,0.6607,51.351731
17628.8,6.4996,-4.1363,3276.198583
34708.5,1.5634,-3.8148,2627.164716
3111.7,15.1266,1.5589,18.506861
7433.1,17.1898,-2.1571,788.833025
4455.1,2.933,3.4633,3.227139
4231.0,9.6453,1.8522,25.083113
38857.1,11.4494,-8.6998,285097.718088
32405.5,9.2768,-8.0664,107401.482537
22652.4,3.0959,-3.6957,2497.076365
6658.0,10.5202,-1.0524,193.995899
23393.7,18.7994,-8.1387,92901.916891
22622.6,1.8495,-1.9866,770.16148
9861.1,2.0781,0.9422,42.212804
20938.7,8.9209,-5.2987,12729.549931
19436.5,23.5478,-7.2627,71386.384779
28673.6,16.7408,-8.5981,171018.342883
29491.5,16.9925,-8.456,184517.5804
4425.4,9.099,1.5825,24.164245
18421.0,14.874,-6.3724,23759.380797
29099.0,0.3325,-0.4248,70.587569
23883.3,15.9315,-7.4664,78677.545303
38900.8,22.8391,-10.2111,1005250.773662
30494.5,15.3453,-8.4495,211519.673251
9424.7,21.8526,-3.6961,3042.804504
5499.2,18.1214,-1.3098,330.89214
29802.8,3.0843,-4.4482,5459.567529
3626.7,22.5691,0.3273,83.298879
27395.5,1.7358,-3.5682,1612.023133
42459.8,13.3865,-9.2355,474976.801267
26957.7,3.6221,-4.5525,6541.030301
18997.2,0.3717,1.3331,18.82717
29839.7,10.5971,-7.513,61222.889166
21975.7,7.4324,-5.5793,12277.927221
25688.7,12.1911,-6.9204,43053.62381
42512.3,14.4638,-9.3246,545992.31864
18909.4,1.17,-1.0258,190.922483
43350.6,3.1452,-6.5487,29232.008523
40977.4,14.0014,-9.4085,430756.029637
10821.1,8.6317,-2.27,895.074878
5447.9,18.251,-1.4871,337.392346
6783.1,16.3351,-1.7383,406.79823
3274.4,21.1525,0.7791,40.678398
6513.8,17.3369,-1.7575,581.055383
31527.8,10.7939,-8.1344,129072.583348
5525.5,16.8503,-0.7666,234.535226
16056.5,6.9425,-3.6022,2477.12262
38407.2,7.7133,-8.1457,149365.451436
3489.1,19.7415,0.9613,62.744822
37114.9,11.2048,-8.8471,231885.344841
14478.8,19.9756,-5.6446,14272.044011
7522.0,20.5748,-3.184,1208.756913
32111.3,21.4505,-9.017,430565.010555
29230.1,22.9226,-8.6326,358077.982695
39792.6,10.8202,-8.493,313461.006198
33740.5,8.0262,-7.1649,83242.241468
36647.9,14.5884,-8.9218,302660.103115
14486.5,9.3296,-4.2818,4056.992872
10041.2,15.0588,-3.9176,2147.468742
34401.1,17.6632,-8.7338,425721.862426
36790.5,17.2351,-9.4655,582218.524019
44596.5,9.4139,-8.8922,275230.544272
20036.3,4.2382,-3.3696,2586.08377
18310.8,10.8088,-5.5221,11055.374684
35497.6,3.6334,-5.5499,15581.573854
16984.2,22.2612,-6.6787,38568.426546
42057.2,8.6993,-8.6556,287148.518552
38982.5,3.9291,-6.2086,25648.886658
20732.2,0.7142,-0.3462,84.213514
34412.0,16.1739,-9.028,355419.969332
34568.1,15.9516,-8.7068,330836.612791
6882.8,8.5679,-0.5868,145.810925
40858.5,1.8671,-4.6578,7458.080007
23973.2,10.288,-6.7028,32254.133519
37624.4,7.8355,-7.6852,100801.962238
16102.1,16.9538,-5.6382,13329.957706
40559.7,15.176,-9.5079,645420.379618
19041.1,9.1657,-5.277,11115.549745
2960.6,5.5099,4.1941,2.105649
40978.7,24.7019,-10.3994,1586797.414868
6379.7,11.3937,-0.8506,219.485593
16070.8,17.2318,-5.7552,18255.576734
42877.6,3.5826,-7.0128,43382.84688
42900.8,12.1809,-9.2672,435117.550761
26871.1,0.7662,-1.571,321.446081
29353.1,12.6759,-7.8715,111220.018814
21558.9,24.1033,-7.9178,115256.553504
14961.5,9.6544,-4.3051,3597.901145
16468.2,1.0518,-0.355,75.55863
31082.0,0.8514,-2.1867,549.358635
34475.9,9.7486,-7.7406,111577.349686
36142.1,4.0678,-6.41,22970.68854
36058.8,0.6619,-2.0836,584.784745
6376.3,18.9248,-1.7848,685.4117
23512.9,11.5064,-6.4877,42596.461155
4946.2,7.288,1.3527,35.916009
25855.0,22.5101,-8.1824,175423.88437
21265.0,2.9742,-2.9131,1636.831355
40227.4,23.9015,-10.502,1149257.987574
17413.9,7.9041,-4.5209,4741.501483
7475.3,22.219,-3.5873,1238.844621
8577.1,15.1053,-2.6463,1285.651635
34864.2,20.6815,-9.1172,540661.164066
28774.3,24.6016,-9.3746,423168.08644
6797.7,7.2671,-0.3248,108.778537
6074.5,24.0315,-2.7799,930.164499
32291.2,9.7859,-7.3076,78221.252605
5592.4,9.687,0.158,95.783668
37429.1,8.5624,-8.5324,148138.55128
32515.3,13.5719,-8.1071,164358.634953
5957.3,3.9213,1.5297,19.608325
6105.6,13.8785,-1.1367,250.038457
44432.2,13.5793,-9.5492,627450.044521
18406.5,19.0666,-6.543,33914.238245
18252.3,20.8546,-6.6936,39726.903773
37044.0,11.0558,-8.7779,264099.369908
42758.1,7.6141,-8.028,173876.074433
44405.0,6.5426,-8.1025,164015.249255
34518.6,4.93,-6.2388,28156.690752
18491.0,1.5166,-1.3423,219.695695
6048.8,8.6138,-0.2805,101.470331
35528.7,6.8146,-6.8247,56461.560388
26232.2,24.1631,-8.5928,235990.481432
20529.4,13.9781,-6.2428,31265.670985
41020.1,8.7341,-7.9612,196390.271627
7225.9,14.5453,-1.6718,506.48313
23436.6,3.5488,-4.0298,3574.807872
2982.5,11.1456,2.2484,9.583896
22418.1,15.6858,-7.7698,60894.809226
4892.9,12.2633,0.1954,68.705736
7549.8,10.0923,-1.396,286.943648
7494.9,24.8467,-3.3343,2017.196421
30091.4,22.0174,-9.2055,397027.185985
34206.9,15.6153,-8.7623,254037.259111
27293.2,14.2689,-8.1754,105731.265427
43392.3,15.5469,-9.8618,606361.078112
18432.0,5.0967,-3.6313,2705.225329
14642.8,9.9268,-4.0108,5103.947802
39415.5,1.0633,-3.5431,2185.214311
12002.8,11.9306,-3.5377,2398.101431
43437.0,13.6122,-9.4619,648634.471404
3016.6,5.7555,3.8505,2.045063
43719.9,24.1036,-10.6953,1765192.39898
4334.3,22.7436,-0.9685,175.94086
40373.6,18.0758,-9.5998,721802.66334
24927.3,13.372,-7.0814,60212.319017
44701.0,21.7596,-10.766,1854579.755679
5636.4,3.3359,2.0712,10.599042
26038.8,19.7795,-8.0475,166613.548493
43695.4,3.1905,-5.9105,31965.721871
24731.7,19.8717,-8.2761,138567.061836
29249.4,6.9521,-6.4928,31271.399826
32069.3,21.9371,-9.3208,482465.020954
21818.0,23.6055,-7.5441,106728.133725
29171.2,3.788,-5.2099,9120.368868
27333.4,11.6099,-7.8226,59941.141355
40799.2,24.5262,-10.2625,1489132.658196
4431.5,12.1265,0.8594,46.162346
14440.9,21.5996,-6.111,15925.895116
42892.5,14.7512,-9.9058,681630.642836
40336.2,9.4332,-8.1181,216808.993991
21865.4,7.2017,-4.977,11684.051191
28855.6,5.1443,-5.4203,15631.477098
14288.7,19.064,-5.6004,14274.310005
10495.1,9.7126,-2.7498,1097.032251
22207.2,12.821,-6.6474,37834.3226
17517.5,12.3488,-5.0554,11667.88642
27305.4,14.4658,-7.9548,106255.567972
5803.7,21.6502,-2.1155,498.444368
43911.8,24.52,-10.674,2007381.404976
44414.0,10.237,-8.8175,284823.288456
32171.9,20.7018,-8.8833,419927.40494
25284.1,19.132,-8.4456,175028.419761
15654.9,14.3723,-5.2532,10660.686103
37086.3,23.9047,-10.2725,888721.640425
31601.1,5.0758,-6.1236,24108.363
9411.2,2.8029,0.063,57.406005
41214.4,21.3607,-10.6281,1362944.17999
37457.8,11.0236,-8.6944,184567.047438
42866.5,21.1865,-10.4255,1484550.184985
33343.1,22.3358,-9.4251,593862.686234
28570.1,1.6364,-3.5949,1573.742063
20275.3,22.0959,-7.0541,77096.974629
42141.0,11.2521,-8.5652,405346.195424
39307.7,12.8,-9.1352,389655.211659
4421.8,15.6947,0.0017,73.658023
3620.6,23.1655,0.635,91.292435
18499.7,0.5564,0.728,32.278168
36948.5,11.9629,-8.6219,241407.927699
44459.2,17.218,-10.1764,1048382.069133
8892.7,18.0899,-2.9739,1803.301022
27750.6,17.3379,-8.2453,184533.918959
18687.9,3.4301,-3.0581,1274.631871
43721.4,7.5409,-8.4382,162993.317466
38290.1,9.0192,-8.1931,149644.235685
38129.0,20.1266,-10.1586,784806.585777
22419.5,7.0267,-5.4404,12970.408744
20129.8,5.3308,-4.4442,4500.493905
14119.8,23.9396,-6.2088,18454.917721
4896.0,0.3009,8.1475,0.062882
39250.7,24.9457,-10.6346,1367948.084376
37048.3,16.9464,-9.8685,565697.556339
44988.0,20.7255,-10.688,1550165.741815
44857.1,7.4219,-8.4755,213324.86567
26105.8,0.4367,-0.4667,87.90825
35182.0,18.4677,-9.4233,542603.851551
42652.5,20.8669,-10.8485,1467877.698628
38610.0,18.5327,-9.4448,760361.804962
13012.3,3.6398,-1.3291,328.130432
21648.1,18.8554,-7.3091,65410.416919
7989.3,19.2416,-3.2281,1408.424857
43047.2,16.4908,-10.1257,937094.768022
28262.4,19.1716,-8.2954,204850.636874
12217.3,21.1604,-5.1948,10170.716111
31047.3,15.371,-8.6495,234472.930191
28770.5,2.288,-3.805,2883.004609
17721.9,12.2317,-5.5167,11975.362537
7326.2,2.015,2.2101,10.319247
31041.9,10.236,-8.0839,90567.083783
24613.1,10.2251,-6.2004,32325.862275
35323.5,1.725,-4.3182,4888.521787
24606.9,8.7726,-6.4271,26636.595646
38717.7,2.8461,-5.233,16408.784848
25956.0,20.2212,-8.0148,140160.452979
26339.9,23.6964,-8.7194,207078.008759
39757.8,1.8821,-4.7421,8213.359128
19648.0,23.8815,-6.9984,59040.004484
8195.6,13.1026,-2.3081,784.715743
3723.3,7.5452,2.2644,9.631228
34593.3,1.9954,-4.7522,7549.802467
28863.2,12.5556,-8.016,129483.639821
32423.4,19.8793,-8.9902,383416.35143
11551.0,17.7006,-4.8807,4940.815632
8295.8,1.3316,2.3991,8.491297
3118.1,1.8967,6.3274,0.374319
17400.0,10.1196,-4.9619,6919.017306
27571.5,7.4386,-6.2325,23153.729255
19170.4,5.871,-4.253,3876.33386
21092.7,7.0826,-5.4241,9553.800869
40926.7,20.1028,-10.8054,1079757.071267
17300.9,23.2364,-6.9608,49345.568888
24344.6,10.1752,-6.2637,28252.499035
35805.3,22.6603,-9.5794,573457.186575
19353.1,8.0917,-5.1079,9134.430934
28938.7,11.9528,-7.4357,81392.293681
39150.5,5.7126,-6.7451,53990.476003
42854.6,16.0407,-9.9648,792292.202449
8750.6,24.4762,-4.1632,3466.33611
41880.0,15.119,-9.7243,621732.123141
23414.9,8.9967,-5.8131,20661.90632
13475.4,16.2236,-4.5246,7639.142148
22013.3,3.1432,-3.5747,1990.922873
44151.4,22.2254,-10.5355,1432556.573266
23436.3,12.6169,-6.5782,39545.761457
16471.9,11.2778,-5.2969,8943.022709
29419.5,14.6798,-8.109,150534.096254
12706.2,15.6496,-4.9532,5844.088882
5724.2,1.8687,3.2004,2.984979
7977.4,17.0908,-2.6193,1038.483288
7941.9,6.1089,-0.2936,102.581943
8955.9,17.8717,-3.3068,1883.445185
8400.2,20.5776,-3.5527,2245.393544
29737.2,20.1146,-8.8548,237842.069439
10229.9,13.8483,-3.2929,1756.445313
17190.9,13.0426,-5.8332,13866.355312
40613.5,3.6405,-6.2602,37599.218651
22643.4,19.4016,-7.8214,84133.888804
30871.2,6.8435,-6.5829,35122.592053
9823.6,12.4576,-2.9561,1023.841466
10672.3,7.1641,-1.9815,604.831614
4236.9,3.415,3.1614,4.308191
9679.7,15.7686,-3.5656,2024.810256
14340.1,1.434,0.3158,77.80488
10022.9,18.7362,-3.9602,3303.859835
6269.9,7.9943,0.0919,88.491056
7627.0,0.0834,8.8801,0.019135
22083.1,12.8173,-6.9903,38692.876392
11269.2,1.2475,1.4459,23.1388
17981.5,6.9621,-4.3962,4556.1145
23895.2,17.6979,-7.2913,81497.575959
31841.8,1.6422,-3.8492,2908.55635
4170.8,20.9963,-0.4004,129.622532
36474.9,0.1752,0.2764,45.612462
29185.8,6.2309,-5.8351,28502.267724
5974.8,18.5433,-1.6326,370.352871
39627.1,7.9615,-7.7608,127669.995209
41637.1,2.6192,-5.9479,16886.595469
5095.8,9.057,0.8985,40.12505
14267.3,6.8182,-3.6511,1828.820919
36763.6,21.0804,-9.4742,584636.579881
34301.0,7.8886,-7.3192,66696.226283
10342.1,19.7402,-3.8974,3117.92067
11397.3,22.3055,-4.6766,7454.892671
18245.1,10.8907,-5.6375,11581.143373
23092.2,22.7558,-8.1009,127031.317297
28775.8,9.4828,-6.777,48813.159999
18178.8,24.1048,-6.3811,49461.862965
22157.7,2.3051,-2.9159,1214.979604
34267.5,17.2005,-8.8592,342618.846744
4059.0,12.3858,0.831,38.807885
13228.6,9.7402,-3.1093,2343.920706
32817.4,15.8472,-9.1734,267081.86853
40546.3,17.6201,-10.0079,880304.254273
24246.3,0.1887,1.7393,11.849869
25114.8,4.2405,-5.2615,6108.652907
7054.8,17.8491,-2.2543,730.244478
21515.0,16.6863,-6.9252,52003.951126
25136.2,24.1539,-8.5424,209158.74368
12805.0,19.0451,-5.0091,8414.012113
13942.8,23.7733,-5.0802,18789.163043
18534.6,17.5873,-6.5502,33594.847865
3353.0,7.5075,3.0729,5.673544
16188.4,2.7057,-1.8356,399.315526
11486.5,19.5631,-4.3566,5060.059313
16418.6,16.1322,-5.5951,14003.18268
7589.9,1.2808,3.164,4.220388
40347.4,9.0525,-7.9603,198607.622986
27727.7,23.9235,-8.4649,272686.529415
31361.8,12.55,-8.0422,145395.467391
36039.8,10.8636,-8.8805,179380.701401
23683.8,11.4859,-6.4313,29405.851207
6194.1,5.2854,1.503,39.910681
25327.0,9.2682,-6.5863,34951.916286
27440.7,9.2957,-6.3723,39016.35021
34181.2,1.3847,-3.2911,2469.674142
20845.5,19.2078,-6.9934,56397.462779
7922.2,10.4593,-1.8614,391.164548
14560.5,20.5687,-6.1941,14659.090601
17931.0,21.2707,-6.3225,33839.328772
29951.5,5.3629,-6.1172,19834.012748
26758.1,16.4612,-7.8489,122796.754617
17634.1,11.8493,-5.6449,11613.457904
44426.9,22.0135,-10.6542,1469420.493107
28245.4,5.4563,-5.6856,16204.344925
12582.1,16.9711,-4.6663,6689.017647
6825.8,15.2252,-2.0794,449.032811
8996.5,7.4389,-1.1751,332.442714
12953.2,3.4841,-1.4484,282.914479
9329.0,16.3189,-3.8853,2082.891885
10429.1,18.4858,-3.9429,3149.626431
14616.5,7.9454,-3.7562,2741.026765
9868.4,16.1492,-3.6493,2557.237902
40612.5,9.9267,-8.345,254799.88627
5909.9,17.8531,-1.5593,340.481753
24791.7,5.0444,-4.9704,8094.906025
19941.9,22.2642,-7.6987,79645.556989
44251.1,7.2422,-7.9203,152115.564101
7261.7,9.2452,-0.8197,189.805454
19408.9,1.5277,-1.4056,283.282612
43702.5,2.8589,-6.8757,31031.918541
39284.1,12.9353,-8.7416,374195.267158
37225.6,6.7484,-7.5874,69856.653163
13460.9,20.9002,-5.5511,12396.815006
9762.7,0.4462,4.4742,1.507085
30917.3,9.527,-7.5557,68331.626447
41998.5,8.4867,-8.9292,226105.939283
26162.4,0.5616,-0.8286,112.46981
26793.5,3.1793,-4.3735,5668.975498
14399.1,10.388,-4.4624,4596.824533
35203.4,12.3622,-7.8889,240033.509377
10449.4,10.1549,-2.9648,1043.454698
16256.4,13.311,-5.4943,10904.076461
20581.0,14.9107,-6.509,30134.614006
24073.4,0.3273,1.1868,30.310695
12802.4,11.6453,-4.1378,3468.023187
7380.6,24.0904,-3.1581,1805.016288
28451.4,13.0143,-7.7658,87185.087774
14766.8,16.9644,-5.6906,11750.636679
27202.6,7.8516,-6.803,29741.963099
9060.4,19.3679,-3.9332,1918.243641
22948.5,19.3412,-7.7987,99928.404672
25135.1,13.0707,-7.1174,56088.710072
4702.5,24.4023,-1.3451,255.201139
16805.7,3.2087,-1.9687,697.946614
8212.6,0.5023,5.2078,0.936848
5193.4,19.2723,-1.2142,242.22052
44573.3,20.1943,-10.9895,1407379.16624
16200.0,3.0756,-2.1802,559.015832
36919.7,6.6983,-7.4097,68531.322166
13322.2,0.5174,2.4269,7.861592
31463.9,7.3893,-7.2632,58548.770528
34809.7,19.3467,-9.5839,501411.209015
27814.6,12.9876,-7.789,102082.968921
22542.0,8.7545,-5.7711,15027.048979
20003.2,9.3437,-5.3843,12780.702159
17326.9,0.1137,5.0142,0.916963
42005.0,7.551,-8.2105,133393.659687
37801.3,16.1898,-8.9594,439405.740877
43513.6,24.3569,-11.2719,2201673.06205
7782.6,21.1888,-3.6222,1656.216622
33561.9,0.668,-1.871,522.96666
42379.5,22.4721,-10.5867,1215970.924298
10202.4,19.5973,-3.9943,3646.393958
5326.1,19.527,-1.9097,285.441653
33997.6,11.4933,-7.8437,161703.143455
26915.1,9.9983,-6.4435,37725.587424
38277.7,7.6287,-8.053,100732.944931
8440.3,1.7171,1.6488,13.322524
36298.9,5.7676,-6.6079,55259.236666
11069.2,6.2254,-1.8624,401.075415
9455.4,12.1432,-2.9181,1037.104562
9481.3,18.7063,-4.266,2581.025229
37119.4,11.8873,-8.822,266527.540332
30770.9,1.5215,-3.4922,2023.45116
24730.3,23.9481,-8.2779,206400.070881
17750.3,23.5727,-7.1519,44961.555549
39781.0,19.6469,-10.1469,689837.130306
19178.9,24.7839,-7.1874,71128.080525
37205.5,13.6485,-8.8125,361149.92681
21163.2,24.0722,-8.29,123273.411464
18520.1,1.9641,-1.5167,443.419251
22163.9,9.1928,-5.8725,19263.772967
15308.6,5.6965,-2.9561,1673.511141
34273.4,4.9602,-6.3244,28492.31095
23865.6,3.5888,-4.7183,3690.652526
12369.0,15.5905,-4.6953,6236.495919
40731.9,19.5505,-9.7195,842995.324546
18815.4,14.4912,-6.5367,28661.885057
25601.0,3.7423,-4.5555,5192.953329
41025.1,20.2932,-10.4362,1227053.641375
29030.1,15.928,-8.7331,136549.541066
7468.2,9.7531,-0.8886,284.816323
42442.9,16.8793,-10.0964,759314.784918
29177.6,6.5568,-5.9754,23589.495304
16733.5,8.6822,-4.5314,5443.564227
8419.1,22.9437,-3.4253,2678.443977
36246.1,7.3194,-7.2556,74962.979689
28853.1,11.7921,-7.3755,72230.470928
25172.1,22.2623,-8.5107,176571.906148
40490.4,17.7164,-9.6568,749022.097238
36015.4,1.6301,-4.718,4283.991758
8946.2,3.7508,0.0985,90.609809
15748.2,0.2754,3.0085,4.15607
13060.8,15.8026,-4.6342,8145.600617
34117.7,11.236,-8.124,157659.786744
3925.1,3.4261,4.0414,2.398053
26720.3,23.9517,-8.4869,216242.919874
34904.5,13.2791,-9.0008,227543.935791
39762.5,6.108,-7.6478,80361.998153
17038.5,12.555,-5.3176,13375.054033
37403.4,17.0161,-9.4542,537477.572342
7201.8,1.9799,2.839,8.212605
38474.2,6.9256,-7.5278,96263.921751
7918.3,20.1896,-3.3933,1558.340342
19384.7,11.5348,-6.135,20248.121345
36385.1,13.7007,-8.9351,328337.232445
8871.5,10.8658,-2.8901,718.868456
12243.2,1.174,1.631,27.984984
33195.7,4.2105,-5.8249,20235.788036
33101.6,11.1829,-7.8495,156498.575106
29748.8,5.2929,-6.1269,16776.280971
31992.8,1.3255,-2.8579,1583.553859
25565.8,21.1037,-7.5921,155590.548085
13201.5,24.5313,-6.0867,17162.444994
17192.1,19.8451,-6.3612,35778.690144
10217.9,21.3563,-4.2154,4152.200141
41109.1,6.1101,-7.6965,71806.648085
27294.2,24.0188,-8.6388,273393.819063
19536.2,4.9874,-3.8606,3627.448928
22135.2,23.7896,-8.1053,130023.38968
42759.5,24.8709,-10.6053,1953079.80102
9017.4,17.8161,-3.7373,1820.777067
27414.8,24.5301,-9.0876,261559.032998
24000.3,14.2729,-7.1599,64511.23644
28486.8,6.5478,-6.0641,22917.870708
3269.7,10.9699,1.638,16.037829
39565.3,14.8715,-9.2591,520703.133413
42115.0,1.9012,-4.9834,9515.458031
26518.2,15.5888,-7.4575,100190.354288
32107.7,24.531,-9.5856,567426.282858
41706.2,4.8175,-6.9865,61214.162917
32557.6,19.8315,-9.4225,453331.20902
8982.9,22.7048,-3.3778,3079.710315
26992.3,23.597,-8.8367,242902.788403
28285.4,24.0066,-8.6895,415259.923298
20525.6,13.0748,-6.255,27384.667783
33798.9,24.4345,-10.2253,766610.572823
42210.6,18.9522,-9.7735,951033.57202
41836.7,4.1089,-6.8522,48471.100252
21660.7,11.9644,-6.1261,29347.392825
7312.6,17.9808,-1.9148,661.180568
44355.8,6.2437,-8.177,172426.204962
38153.2,16.0441,-9.7103,571356.321838
7798.2,16.6917,-2.289,881.37278
41635.8,4.1345,-6.6852,40378.743534
39470.6,14.1619,-9.1444,455347.012446
24550.6,19.3089,-8.4314,122793.333336
27629.2,12.5125,-7.3872,85425.212207
19457.6,0.3816,1.4642,19.163337
4827.4,0.3052,8.5348,0.048239
16745.9,8.9772,-4.5898,6764.378209
36621.3,23.1608,-10.0274,926693.014339
2696.9,5.7786,4.5884,1.397237
16673.7,15.8883,-6.2051,20615.172281
19422.2,5.6141,-3.9896,4899.44659
25339.3,8.096,-6.0444,35390.152606
41593.9,21.2132,-10.1309,1056010.830864
17219.7,18.2432,-5.852,27030.486549
17245.5,2.4573,-1.7423,373.266386
33843.8,10.7633,-8.2781,145720.700014
21719.3,0.8069,-0.3731,121.717002
12045.7,12.0638,-3.9098,3462.794826
21728.7,16.5879,-7.0191,50145.775385
8486.4,3.0331,1.1056,34.956308
9996.4,7.279,-1.723,448.59806
23680.6,9.9941,-6.2871,22232.897769
20304.3,22.9947,-7.4044,88235.720038
41381.0,24.8319,-10.2103,1266163.048781
17901.7,1.1992,-0.4365,132.96265
27175.0,19.0443,-7.7339,138297.182646
29371.2,9.3434,-7.3466,56090.925111
3056.5,9.8601,2.529,9.272563
30700.3,18.8763,-9.1428,296545.096969
10066.5,22.9672,-4.5526,4381.503024
43345.5,23.7771,-10.9561,1783850.799062
8818.2,14.4619,-3.045,1137.083272
20121.5,8.9795,-5.5537,12550.617802
6127.4,19.7057,-1.7734,416.806193
44867.2,6.335,-7.9481,156665.310939
23843.3,14.1367,-6.8056,41890.133812
27803.9,9.0158,-7.0826,40410.100721
5350.8,16.4432,-0.5677,187.532764
34373.3,6.0707,-7.1224,49804.113261
11421.0,4.8545,-1.5776,360.721687
40667.3,22.9625,-10.155,1093098.120323
11218.4,2.6169,0.0377,86.472054
10604.2,12.6885,-3.0764,1870.59152
4053.4,5.5837,2.7651,7.479402
22562.8,1.0501,-1.3323,239.207097
26505.7,0.9776,-1.1291,399.488124
5292.6,4.4465,1.9288,15.131939
35459.9,21.6799,-9.6993,626580.037008
21764.8,7.1194,-4.9395,10097.151569
24786.6,23.7654,-8.5945,248162.138405
21232.4,14.574,-6.3548,32647.583365
19532.4,10.9604,-4.7946,12562.046363
26284.7,14.5358,-7.7323,99407.377991
9097.7,12.9561,-2.6949,951.044319
10231.9,18.9887,-3.9737,3412.937497
39125.9,7.1198,-7.3696,97044.811021
42709.9,8.878,-8.9419,228084.939558
18365.6,22.3608,-7.6394,61829.947056
14006.6,23.6657,-6.1375,21294.554245
29870.0,22.3226,-9.5691,394686.55269
19871.2,10.5326,-5.5688,13093.449774
3578.9,19.5267,0.7327,48.8836
9136.5,11.9503,-2.3997,635.043676
32928.8,12.4787,-8.4601,149056.720494
30504.3,5.1806,-6.0751,23386.004807
3651.6,14.811,1.1183,37.232368
11933.8,4.7185,-2.0839,394.522901
12320.7,8.3426,-2.8571,1435.054035
31055.4,21.3874,-8.8303,351441.661869
3337.7,5.2403,3.8284,3.133763
6924.6,1.8533,2.909,7.76714
36496.4,1.7997,-3.6897,4246.82581
10088.1,23.5244,-4.576,5330.735914
30241.7,12.7125,-7.9735,135633.939945
12622.8,10.2825,-3.6743,2291.272521
6726.3,20.2871,-2.4569,822.131307
12834.8,20.9088,-5.2213,14920.826009
33196.3,8.3582,-7.6964,75168.973865
38867.1,17.365,-9.9129,647237.095185
37784.3,19.2964,-9.3123,623196.527611
19380.3,16.3939,-6.2678,34764.989521
30893.6,3.8577,-5.5333,12853.463281
11211.8,21.907,-4.5637,6964.927637
14958.8,13.5142,-4.737,7259.649076
40594.3,7.1192,-7.5509,126580.691042
3052.6,10.6767,2.287,10.583635
6134.1,1.0163,4.7332,1.384513
11335.2,3.2664,-0.1317,177.372058
3627.6,19.1574,0.6203,55.424103
10211.0,0.0803,7.7484,0.068797
27279.3,10.4608,-6.8642,56221.991793
20410.5,13.101,-6.2047,23842.781
40438.5,1.4415,-3.8587,5179.585374
37241.4,24.3291,-10.0189,906904.040393
17027.2,5.715,-3.6345,2283.089273
13525.5,7.6606,-3.5187,1802.597485
18636.9,7.6542,-4.4399,6571.780899
27587.5,5.822,-5.413,15272.35777
13892.7,0.1167,5.4224,0.516789
29026.3,18.2553,-8.4175,227323.957791
19900.0,24.1738,-7.7428,75555.14833
25962.0,5.6694,-5.2167,10893.921637
21035.4,16.6031,-6.7506,47590.425807
15014.8,18.5681,-5.1763,14902.524412
42809.3,21.2228,-10.7091,1375754.857473
34953.2,10.6119,-8.3883,144378.947054
8454.8,7.629,-1.1979,209.713089
39409.9,8.1864,-8.3573,138437.256395
23215.8,17.8385,-7.0929,79949.688726
40518.5,20.4341,-9.8759,1089527.900993
36493.8,4.6058,-6.3199,31045.276233
20571.6,9.3238,-5.4463,17085.794587
3454.9,22.5563,0.5796,51.709049
13918.8,20.1828,-5.7078,16054.263261
25519.5,24.6227,-8.6316,224571.815911
29422.8,18.8759,-8.8082,265606.465287
13460.2,9.8784,-4.2135,2901.573539
8422.6,14.7987,-2.7402,1133.748019
37984.5,16.5525,-9.4022,488489.803251
44337.1,2.0351,-5.2334,12585.87214
24841.8,13.6489,-7.3412,75482.707854
9796.4,17.7563,-3.7355,2570.04159
14073.1,4.2496,-2.4245,652.674227
3281.6,19.5333,0.6902,46.040184
41357.7,14.6276,-9.2246,496228.655991
7504.4,23.8094,-3.5526,1732.560943
27002.0,1.1372,-2.0466,574.610778
14147.3,6.6919,-3.1112,1584.178966
26052.6,15.0707,-7.7903,94694.947698
30185.4,7.4703,-6.6684,34718.746936
37764.0,17.8835,-9.4261,531515.941073
11272.9,18.9944,-4.9251,6147.469793
2967.3,2.6347,5.5925,0.537025
8317.6,12.8853,-2.5184,707.638758
40750.8,12.7616,-8.9491,414869.560134
39640.3,9.2825,-7.7491,184260.403184
27890.1,23.3285,-9.2381,347663.754845
28022.0,20.7015,-8.4476,231443.344434
30764.1,17.4545,-8.8541,251744.289266
9953.3,17.881,-3.6829,3230.464224
41362.5,11.586,-9.253,321121.096963
20297.7,23.0312,-7.5212,97398.114813
18783.4,17.3893,-6.5102,28105.421683
24554.0,18.2462,-8.0234,132024.224957
4496.1,21.5533,-0.9573,162.863102
9567.0,6.9099,-1.3201,348.571165
33866.4,20.1922,-9.3388,383562.829759
6018.9,4.9454,1.3788,27.269126
28134.0,8.6859,-6.6892,37433.07689
12927.3,8.4434,-3.2494,1660.712579
19045.1,24.4649,-7.2379,69494.243569
14769.5,21.4249,-6.2157,21983.896364
17616.1,17.5532,-6.2076,27293.395536
33059.5,18.1983,-8.7028,368270.166797
15127.7,14.0869,-5.1458,8175.475458
26572.2,23.6815,-8.2608,225692.597442
22732.1,12.4468,-6.4537,46058.061779
30706.0,9.5625,-7.4356,66774.706343
42315.3,4.1428,-7.4832,60226.602555
33634.3,19.6722,-9.1822,431579.47272
11635.0,18.3823,-4.669,5557.39537
3825.3,9.6581,2.0244,20.375701
13646.2,0.7078,1.691,18.15809
27790.8,20.9878,-8.7872,232623.804086
4685.6,0.3645,7.6952,0.054853
23595.6,17.6162,-7.2303,85727.762631
27865.8,24.2588,-9.1141,331534.617708
16705.4,10.9865,-5.0903,9386.089289
35263.8,5.9355,-6.6544,48904.098279
7030.4,17.6454,-2.4569,735.075807
5693.4,20.4428,-1.8836,479.544566
33448.0,13.697,-8.5329,220545.075913
23558.4,24.1785,-8.0606,167715.382646
31757.1,1.3676,-2.9048,1422.338986
20980.2,12.6595,-5.9947,20316.895157
12972.1,17.9839,-4.9914,8608.667575
37311.8,21.577,-10.0212,800418.760973
36475.2,4.547,-6.7632,30868.159645
32024.6,20.0161,-9.0813,389291.315219
14066.2,13.8535,-4.2609,6692.08828
27584.8,9.9621,-7.3185,59026.551204
17841.4,3.3623,-2.9042,1038.425213
6392.2,21.6432,-2.4057,641.530372
41485.8,3.9992,-6.689,47868.349383
8314.8,7.7999,-1.0708,254.190361
42885.1,7.3079,-8.3025,172641.420868
21455.2,21.7956,-7.7267,85286.939947
10368.1,16.8438,-3.7337,2720.864531
25530.8,19.9333,-8.5229,153000.116502
39600.2,6.3217,-7.4992,88310.048559
33619.6,15.6519,-8.6356,297437.847998
36778.8,14.3279,-9.2669,326322.856837
30498.3,20.8341,-9.1327,270296.447657
31921.8,22.6597,-8.9181,454140.871543
38590.8,0.3829,-1.5891,320.975988
13110.9,16.8766,-4.5422,7286.004556
23300.6,1.3717,-1.9187,483.129711
11901.4,13.7576,-4.1699,3835.043455
44475.9,7.2478,-8.1321,169315.626059
42622.5,7.7249,-8.3081,146833.581318
4175.6,8.8757,1.5536,21.077459
32486.9,15.5626,-8.662,228379.538935
41823.1,8.4045,-8.5932,172672.392982
10174.5,18.3389,-3.837,3166.203076
26637.7,10.1608,-6.9717,49470.653257
41408.3,1.7834,-5.0173,8379.773637
3942.7,19.6113,-0.3152,86.512241
32140.4,7.2011,-6.7481,61715.83397
15137.3,10.8646,-4.2689,5336.31647
41786.8,17.1613,-9.7306,833014.488468
43770.0,8.3648,-8.5863,216755.002675
42631.3,1.4901,-5.0376,5944.785573
22654.1,9.3981,-5.4045,19457.007386
39136.8,23.6157,-10.297,1108360.719121
38393.3,16.072,-9.6592,525761.827504
16061.8,16.8133,-5.9403,22376.400611
37728.9,15.8365,-8.9322,418395.268473
4072.8,5.0389,2.8857,5.962506
27841.5,10.5049,-6.7782,59040.631285
12275.4,18.7934,-4.5934,7545.149081
7624.1,2.6062,1.2424,21.251874
5770.5,7.0041,0.2731,56.933991
32092.3,6.9659,-6.2756,34513.620595
16944.7,10.8459,-5.3861,6533.718476
33302.6,24.5108,-9.6965,624702.871828
5277.6,1.7622,3.4925,2.465636
15899.8,13.006,-5.052,8038.146945
25428.4,4.5498,-4.5782,5412.517592
36105.7,24.2693,-10.2172,961778.016958
16047.0,2.9035,-2.0906,516.430835
29100.4,10.1377,-7.3532,58016.317444
40154.1,18.4681,-9.2202,706789.148283
28674.2,17.6375,-7.7661,167953.695359
12400.8,10.6144,-3.9211,2422.349629
3537.0,8.7154,2.7371,9.894154
39479.2,9.9885,-8.6776,230734.329762
3403.9,6.6658,3.4129,3.799729
39674.8,5.1969,-7.0203,54172.992233
24979.8,12.1173,-6.9634,44810.336745
42410.4,6.7719,-7.7011,129072.940739
36448.3,7.2435,-7.3672,77886.127324
44912.2,16.4464,-10.3793,1086592.483667
17405.3,24.216,-6.9634,38629.065081
35105.5,15.1226,-9.1334,313340.54218
19582.1,1.9983,-2.4572,563.320135
22894.7,1.9635,-2.8536,1187.604029
29169.0,23.7895,-9.3198,346926.093637
39631.3,7.4885,-8.0132,129044.500999
44323.5,2.3743,-5.3187,15721.484924
35151.6,15.0082,-8.2819,231563.620046
20255.1,15.6213,-6.7043,40783.828143
20407.7,16.2407,-6.7242,41019.052084
33847.2,6.7437,-6.6755,61686.911223
12648.0,0.4566,3.4392,4.058806
7195.1,24.1282,-3.1849,1490.02421
17571.4,6.3323,-4.6081,4291.708898
14707.7,16.9266,-5.3267,12649.551389
15093.1,17.6892,-5.4073,15060.327375
12428.3,15.2814,-4.5762,5003.941253
4289.0,7.8777,1.9197,15.603594
3259.6,6.8357,2.8746,5.569088
44478.2,14.9739,-9.8768,731666.478464
20680.4,21.6631,-8.0741,81819.105657
18833.9,23.6726,-7.0247,52442.489706
31385.0,2.7192,-4.2956,5587.075434
11775.8,3.9383,-1.5835,317.880693
42873.4,23.6228,-10.6824,1622570.306329
35919.7,18.4345,-9.812,604251.243572
6300.0,22.0842,-2.1657,682.856865
20247.2,5.1296,-3.9804,3180.717106
39862.5,14.7226,-9.7488,546526.200362
42651.1,17.5524,-9.6632,852200.440174
22364.6,17.0284,-7.0625,70776.828654
28570.0,10.2511,-7.3197,63006.891673
9598.9,0.4636,4.6201,1.360587
44624.7,14.6065,-9.7578,774186.193908
12346.0,6.3873,-2.6197,1106.85779
42566.1,11.3003,-9.5961,399043.430558
30110.0,23.9429,-8.9761,419844.529508
28328.8,10.024,-7.3622,66057.776765
24289.3,21.0079,-8.1352,141347.988105
12303.5,4.7784,-1.2168,481.382871
10002.4,16.8377,-3.467,2233.519926
11870.7,24.427,-5.3634,10932.454781
10423.6,2.6192,-0.5095,82.272942
35632.3,0.2873,0.0938,108.010621
17380.3,10.8849,-5.6588,11508.186756
4958.3,2.3882,3.3651,3.059129
43686.9,18.7297,-10.2856,1030600.242955
40060.9,22.8706,-10.1517,1362441.661145
41929.5,10.8958,-8.733,318082.300229
44783.6,6.5271,-8.2754,168417.53389
9890.5,10.9053,-2.5775,985.924972
19340.3,18.1083,-6.8485,40867.666778
34725.1,0.3056,-0.414,129.294133
32080.9,14.7692,-8.481,214658.699293
9040.6,15.3632,-2.5444,1113.374942
37172.9,15.9712,-8.8833,381976.465097
12038.7,6.1112,-2.2863,786.864309
12012.2,17.8742,-4.683,5874.267046
25321.4,2.3575,-3.1956,1925.048442
27699.9,5.0458,-5.3377,11425.258299
27153.7,21.9466,-8.7271,206378.96669
6388.2,18.489,-1.778,400.738011
39792.1,0.4225,-1.6452,396.764173
13788.0,6.2695,-2.6279,1186.255551
8004.4,5.423,-0.1767,96.451332
40271.8,6.8285,-8.0673,109142.345015
43115.2,6.2492,-7.9109,126481.454572
39140.4,1.6382,-4.7946,7264.233516
36904.4,11.5168,-8.2862,184109.062443
30347.8,18.3397,-8.6115,294174.24543
25911.4,15.1998,-7.4684,105012.886751
6196.9,16.848,-1.6538,342.050574
19859.3,2.1022,-2.3258,631.971528
18339.3,23.7911,-7.2685,54374.887516
13539.5,20.9752,-5.3263,13564.22791
33245.4,20.1429,-9.1246,532972.108316
23574.7,20.5888,-8.0025,126327.393352
5944.5,23.3231,-2.2589,647.770641
11857.8,13.6428,-3.544,3135.351003
31538.5,5.071,-5.7464,19103.094714
5735.6,15.4502,-0.9464,226.047711
38676.3,18.5926,-10.2283,802107.573552
23543.7,18.4689,-7.2345,78285.979753
22924.9,13.0745,-6.8323,37323.844467
27677.3,1.786,-3.5328,1705.00567
37548.9,9.3281,-8.1056,137896.930659
17281.9,23.0255,-6.7824,38580.743159
31315.7,14.6445,-8.3384,175876.875701
26543.6,13.4952,-7.625,68852.672202
13848.7,6.7798,-2.7558,1349.574709
39841.8,9.2617,-8.1988,211003.5475
36390.6,22.392,-10.2291,674372.267478
30484.2,16.6883,-8.0522,178130.239808
38649.7,19.7017,-10.0168,720523.548555
39360.0,11.4023,-8.6689,305661.3182
32605.4,15.7858,-8.6679,246784.44145
38073.1,6.2697,-7.2769,70088.328792
32142.5,17.6601,-8.91,300267.110535
31406.0,10.7358,-7.146,81589.099101
28791.0,11.1082,-7.7474,80721.210639
34490.5,16.2611,-8.883,351535.347217
9240.7,23.4121,-3.7278,3413.992026
39937.0,1.675,-4.6381,7225.458724
39553.3,20.6326,-9.3688,816527.987543
3743.0,7.3662,2.1002,10.940582
37597.2,11.1425,-8.3195,226739.43787
7977.0,0.6261,4.4636,1.367609
16742.6,7.5821,-3.8784,4043.114704
34099.1,12.6056,-8.3704,190281.443731
9332.3,1.4799,1.6408,17.254747
37263.6,12.3181,-8.251,230677.569145
37865.7,23.1836,-10.1841,904683.379692
24067.4,2.7064,-4.0167,2496.870038
2771.4,19.1299,1.5606,18.033234
14699.1,10.289,-4.2496,4940.073531
28719.4,16.4069,-8.0825,201470.848182
44200.4,6.5651,-8.0126,140649.31575
29352.1,4.0545,-5.0275,11880.623218
13541.7,4.0787,-2.1108,437.019655
29445.2,1.8367,-3.7717,2490.81093
25449.4,4.7063,-5.0705,8537.953365
35643.4,16.6323,-9.2671,424001.509949
7046.7,22.0517,-2.6441,995.562376
34843.7,20.368,-9.1291,449485.382562
25503.8,17.1535,-7.9668,118644.187583
43427.2,2.832,-5.8867,19979.079435
17029.6,7.2866,-4.1468,3856.643426
29386.4,7.8004,-7.0484,45578.448898
42111.2,6.3089,-7.8494,114919.023126
6856.7,12.9139,-1.7584,417.827782
42332.2,13.426,-9.6335,587341.801655
31735.1,8.9736,-7.2393,67749.615136
5383.1,8.8964,0.4068,59.822719
15291.0,20.7276,-6.0812,20953.541303
32597.3,19.7492,-8.6375,326783.005948
5362.4,7.7503,0.5378,39.806276
27242.2,22.8516,-8.8064,241251.869258
17200.0,23.8242,-5.8323,34907.856169
28888.9,8.2224,-7.0002,42490.254611
4444.0,8.9123,0.9141,26.977175
39540.3,12.6804,-8.6367,288491.489173
43873.3,23.5327,-11.4045,1932416.113896
43677.3,21.9179,-10.8109,1709300.372967
34360.2,2.636,-4.5106,8929.629026
8028.7,9.8669,-1.9136,349.085157
34726.2,13.87,-9.2417,269460.399047
3544.9,12.6181,0.9833,24.477244
3440.3,4.9111,3.8105,3.145014
16253.4,21.4817,-5.9334,26171.783782
23267.3,16.9494,-7.5296,78090.541958
35242.3,20.9607,-9.6148,701877.069424
31540.1,21.4804,-8.7758,381356.359393
21450.9,18.729,-7.0557,85710.569299
14129.1,11.0251,-4.2584,4080.616705
44877.8,15.2948,-10.5749,854660.595839
20612.7,4.0763,-3.8625,2482.656049
21683.9,16.8672,-7.1846,57965.20833
9454.0,4.547,-0.4348,120.228177
36279.4,17.3732,-9.3241,439373.832081
31981.5,5.8016,-5.9969,27711.631907
11882.7,3.0094,-0.3928,164.648748
6001.2,4.1989,1.3772,23.117214
31421.2,0.1296,2.1022,15.883777
30316.7,17.991,-8.2459,184556.538683
14113.5,18.3314,-5.6145,15284.402853
42911.7,12.9121,-9.2448,525506.135381
8920.0,4.1012,-0.0012,87.033746
20874.2,2.1622,-1.9288,811.524658
42603.7,0.5567,-2.9573,935.606428
20338.4,4.2104,-3.7989,2512.238039
29637.4,22.2801,-9.0676,351881.983206
19397.8,6.0991,-4.1671,4393.078477
14154.1,8.9084,-3.4404,2722.416366
44319.1,2.7052,-6.0958,23328.550317
19896.7,5.6212,-4.4581,3741.229288
40499.2,13.0191,-9.008,416329.305982
12273.1,15.2252,-4.2421,5062.111567
11556.9,6.1942,-2.6931,653.226365
3823.2,1.5187,5.6084,0.487824
30195.8,9.8245,-7.753,74852.409829
18162.4,5.9163,-4.101,3205.709332
39235.2,5.5513,-7.5461,72467.067789
22611.4,23.9998,-7.6174,114780.563131
43648.2,15.4382,-9.7483,696644.185038
10384.8,13.9574,-3.636,1810.707351
39416.5,10.4411,-8.5234,268771.180787
35505.4,10.7693,-8.6974,185171.416209
35264.2,13.5594,-8.6677,270457.432826
38403.3,17.435,-9.9462,674641.223558
34843.5,17.5775,-9.1751,367677.506004
29114.4,4.3586,-5.3094,12769.758049
8077.9,12.5428,-1.9705,592.040579
3882.4,10.346,1.7069,24.152071
41636.0,21.7735,-10.4421,1260724.133967
28707.6,15.815,-8.0008,145530.64607
36352.8,13.35,-8.9649,297985.569497
22964.7,2.9556,-3.5847,2421.565678
7485.6,15.1725,-2.0028,598.520318
7820.4,3.0007,1.1127,29.996682
31636.5,8.4832,-7.5099,56964.21381
20788.0,3.6396,-3.1273,1644.62141
11022.3,17.3265,-4.1035,4072.36191
23392.8,5.2198,-5.0807,7875.131277
5228.9,9.8451,-0.0577,67.085026
27233.8,22.4002,-8.0316,195985.60109
13932.2,5.1716,-2.392,866.822793
36396.3,12.7345,-8.4559,195645.999556
15690.4,10.5282,-5.0831,7104.260116
21846.9,0.5317,0.3618,50.710629
2993.9,19.8355,1.3603,32.971356
5579.0,1.8006,3.6163,3.156846
19181.0,11.8984,-5.7787,15431.842934
22897.4,14.0521,-6.6138,42509.084837
28000.9,15.7404,-8.2583,142516.991533
14895.7,17.2407,-4.9804,11864.143022
32036.7,6.3915,-6.3119,39087.301325
39055.2,0.3287,-1.1066,212.797122
35643.7,18.1082,-9.2865,383482.036461
4183.8,13.4286,0.228,37.930712
22921.5,20.9161,-8.157,111336.77041
6959.5,20.549,-2.8037,830.855823
12786.9,21.0957,-5.135,9988.853505
44433.2,12.1686,-9.6277,562940.038557
8556.1,8.394,-1.984,390.013422
23702.7,19.8056,-7.8189,107512.291723
28771.6,11.3262,-7.2416,75712.720445
32354.8,4.6514,-5.9227,22587.664384
26285.1,21.386,-8.6981,166443.324484
2915.3,22.0734,1.0205,32.431533
16374.6,11.7004,-5.4527,9434.943198
24502.7,1.9664,-2.776,1356.936086
6234.3,9.7446,0.0044,102.010244
17401.6,20.1042,-6.5999,30349.010586
3911.1,22.5522,-0.3183,96.096369
5839.6,5.1505,1.0964,28.011052
19369.2,1.749,-2.2631,409.227823
8140.4,21.9436,-3.4762,2270.352392
26620.5,9.784,-6.7607,40643.284802
31802.3,13.5807,-7.934,159453.453639
36524.9,24.2042,-10.522,1073852.557748
11006.4,1.7388,0.6367,41.249691
9618.0,16.2361,-3.9773,2356.445539
6944.1,1.9267,2.3188,8.01753
29548.3,9.4367,-7.2764,53009.591804
32525.2,20.1111,-8.7689,346070.162597
3842.4,10.8821,1.4457,19.225395
42289.0,24.9298,-10.8533,1930814.040971
4708.8,14.0118,-0.2638,99.874043
25505.1,8.0834,-6.7148,30971.457695
32635.1,5.5652,-6.5684,34875.818323
39516.2,8.815,-8.2478,195449.058435
32848.7,9.3635,-7.801,85430.64833
36573.4,1.7923,-4.098,4488.791198
16926.6,9.2898,-5.0011,7038.596301
37130.1,11.6488,-8.7561,243290.152937
5904.9,18.0906,-1.4329,361.610534
40529.7,16.4457,-9.9266,685924.636298
25772.7,17.7424,-7.9416,129538.099993
37235.2,0.2884,-0.8078,167.366568
21723.5,5.5043,-4.7614,7071.304373
29852.1,16.5692,-9.0646,208809.606509
24872.1,12.141,-7.4982,56018.294516
33592.6,0.2124,0.6365,54.828941
5969.3,20.128,-1.5111,436.660077
5065.0,19.3384,-1.3563,241.80513
13001.9,13.7466,-4.2626,4098.564919
9280.6,1.7363,1.5103,22.769825
39550.8,19.1816,-9.6093,699883.358293
11816.6,14.6261,-4.647,3872.696975
43974.3,19.5664,-10.5532,1160547.18213
16818.1,18.8135,-6.3376,27150.351677
10240.0,20.0908,-3.99,3965.688084
36062.2,12.9888,-7.8582,211408.419542
30495.1,3.5769,-5.2739,10441.053629
23673.3,16.8052,-7.6985,74250.177251
26103.0,15.5422,-7.6909,111839.41792
33066.1,18.5769,-8.7608,370201.651938
12209.3,4.3134,-1.6178,388.965094
44844.2,4.9388,-7.6393,78895.152819
43928.7,22.269,-10.4019,1543732.366991
30138.8,18.7694,-8.4851,246829.414441
10980.6,22.7131,-5.108,7457.363073
31409.7,18.9872,-9.0384,385020.004279
5568.4,14.9611,-0.5302,175.302253
3802.7,16.381,0.7303,57.28922
13451.5,22.2371,-5.3093,11195.853957
22161.5,14.5039,-6.7496,39447.221981
39401.6,15.8392,-9.0743,483552.282004
33404.7,3.9794,-5.9157,15040.701404
34065.0,11.8901,-7.9353,141243.283728
20583.5,17.9326,-7.3519,54422.039433
17202.2,6.8319,-3.7865,3574.006641
18269.1,5.1202,-3.8298,2742.23887
44475.1,7.9006,-8.2945,238044.55408
4204.6,6.0982,2.3727,10.765912
39348.8,5.4356,-7.5693,68769.475971
27093.7,10.6673,-6.656,54556.608954
21141.2,22.7033,-7.0415,80116.782563
33323.5,12.7159,-8.2187,203101.936993
23183.4,4.763,-4.707,5478.423493
39620.5,1.9981,-4.9892,7889.680521
40779.8,17.4282,-9.8034,737742.55551
20423.1,9.6193,-5.6262,12944.921694
14265.2,20.56,-5.1826,14937.980435
27674.9,16.515,-8.0712,149596.516348
41275.4,19.9223,-10.9271,1077683.659724
11453.1,6.8569,-2.1203,651.707782
28976.1,17.3336,-8.3906,179228.963054
29341.3,6.6604,-6.5032,33558.371592
33657.3,23.4816,-9.8335,673801.627369
8091.6,15.9384,-2.7134,1253.337152
32922.6,8.1668,-7.1613,80998.044713
41133.9,6.7962,-7.9339,136100.81299
10136.5,4.8379,-0.9384,187.685311
12595.6,17.3905,-4.8658,7485.050028
43784.3,5.5304,-7.6674,100209.172827
10191.5,14.915,-3.6315,2015.464759
38811.4,6.6747,-7.4411,92543.494786
23421.8,16.5763,-7.354,83100.76489
13007.3,20.3883,-4.9212,11337.157802
39506.9,19.4684,-9.5373,745518.548169
21425.5,19.0404,-7.5281,74930.369732
24379.7,4.758,-4.5215,6647.134555
17767.4,2.2826,-2.1065,478.102877
27700.4,17.4978,-7.9785,155952.61341
9449.8,9.2592,-2.2399,597.469346
19121.0,10.8541,-5.9009,15489.849162
43700.0,0.8562,-3.4145,2117.350928
13470.7,6.5486,-3.849,1600.015401
30411.3,0.9192,-2.4001,521.145369
16320.6,21.9893,-6.3571,28648.869675
35372.6,6.1454,-7.0093,55457.28526
8062.1,13.9688,-2.511,793.344324
43717.4,1.0514,-4.4493,3579.129083
21786.1,16.6978,-7.2443,55967.224683
12532.1,8.1298,-3.0386,1536.567209
5623.6,22.4561,-1.6335,440.128367
9714.7,22.2119,-4.345,4660.012941
24590.4,8.1862,-5.8455,24314.416861
16822.6,22.5319,-6.5895,40508.938155
37727.5,24.9042,-10.3612,1003966.604562
20812.7,20.6494,-7.3698,71101.860265
13070.4,21.1342,-5.6516,11281.116623
28728.7,6.2853,-6.023,21399.119069
32538.0,14.4514,-8.2446,219303.879299
9599.3,1.756,1.6441,22.023316
9623.8,2.4454,0.9377,49.787422
4058.5,24.9724,-0.5595,133.510252
33797.1,8.2199,-7.3028,97212.706824
30711.7,18.7247,-8.7189,251318.179339
22671.8,20.1821,-7.2926,99127.97174
38377.2,21.4619,-10.1599,985804.853119
36741.0,24.9409,-9.9371,949681.308494
27377.6,6.0981,-5.5944,20762.685852
39401.5,1.0855,-3.5738,2198.753772
11248.3,10.3269,-3.2675,1823.252589
7256.6,3.3216,1.5541,27.494984
13964.4,0.6389,2.015,12.962648
4926.2,9.0618,0.4453,41.857709
25074.7,19.6108,-7.5767,150306.929242
42305.7,14.1892,-9.6173,539442.607192
4172.1,7.8744,1.9005,15.40614
7689.7,16.3862,-2.1658,820.223408
21718.5,5.8619,-4.7595,5955.851472
42189.7,0.4384,-2.5027,679.682374
15936.6,19.1277,-5.8473,19782.598425
24057.5,15.6237,-7.8903,81058.183887
4266.8,19.0766,-0.3551,110.977679
8804.6,1.0503,3.0836,5.285332
44431.8,20.941,-10.7009,1532322.170014
43517.5,15.5186,-10.3811,851354.886454
2709.9,14.1198,2.7921,9.431505
42952.0,15.6454,-9.9836,862532.127995
29662.6,21.6217,-8.7241,367064.09664
39386.5,14.7065,-9.528,521418.384703
21826.4,14.5573,-6.9176,40834.504587
24412.8,24.7677,-8.1899,171734.800448
23276.0,18.9377,-7.5819,87740.395677
30841.7,11.102,-7.9906,102440.439677
8435.2,17.7083,-2.7577,1520.779167
3773.9,9.7796,1.8556,13.412606
15587.0,5.7836,-3.7498,1769.752977
32448.9,14.9535,-8.2265,226682.982469
11078.8,23.2103,-4.9155,7042.930782
31120.9,23.2342,-9.6336,530452.185555
43721.3,8.6003,-9.128,255074.445115
6490.8,13.2297,-1.0184,326.182067
31085.6,5.354,-6.4154,23400.372364
21359.4,24.8911,-7.9359,129476.47184
39396.0,24.5295,-10.4401,1582298.208558
10028.9,16.2658,-3.6866,2810.640988
31936.6,20.126,-8.9865,331621.183676
38119.9,17.9003,-10.0204,588839.402831
42646.1,14.8615,-9.8688,628846.127991
31538.0,1.4094,-3.3026,1869.884096
23629.9,11.4127,-6.86,39562.874743
28758.5,16.8957,-8.1186,158411.657123
39428.5,16.9641,-9.4964,629108.627267
26750.9,9.3782,-6.1824,31711.413496
3791.5,23.547,-0.6944,122.216123
42065.3,4.2505,-6.3178,47727.832835
31804.9,12.549,-7.8856,145543.203982
31251.8,17.2968,-8.6509,246709.864455
11666.2,17.4526,-4.3078,5808.362543
30502.6,16.2441,-7.488,145798.118938
19239.2,6.9402,-4.9585,5909.045722
30177.4,3.9727,-5.387,11594.897455
7030.2,15.9276,-2.5682,526.529333
30458.4,15.0146,-8.4486,214146.293996
44975.1,4.5496,-7.1648,68307.990064
4549.0,17.6521,-0.4757,131.332323
44029.9,11.4229,-9.4886,459196.617315
19793.6,16.7206,-7.3105,44795.654515
39507.0,20.9472,-9.9443,885253.539855
35751.4,4.3096,-5.798,24931.17697
26598.2,0.5571,-0.8209,158.953908
33884.1,19.4952,-9.2472,473037.973534
39836.9,15.2737,-9.6655,437929.078443
19676.0,17.515,-6.5241,38667.760022
16398.9,20.9668,-6.4567,29877.990886
30872.7,20.086,-9.2622,363612.448377
36833.5,24.0261,-10.2197,878676.228935
34897.1,13.4355,-8.3401,169308.390132
36407.1,12.2533,-8.5779,252004.400049
21012.3,10.095,-5.9665,15395.761883
37258.0,3.91,-6.0617,20748.218899
7608.9,14.3494,-1.7909,440.790351
25640.8,6.9832,-6.2426,20851.587381
2744.7,23.039,1.6829,27.448979
16294.9,14.6131,-5.6804,13146.85421
18074.6,14.8536,-6.3304,24958.454486
19337.3,8.9247,-5.4968,10786.500482
32057.4,1.3756,-3.0649,2176.722252
19013.7,0.8711,0.2766,75.277654
21569.5,10.6295,-6.2528,21851.159434
12595.6,2.1874,0.2332,88.993328
18363.2,15.2026,-6.0212,22938.568311
12159.0,22.0338,-5.0199,9240.58402
5610.8,22.0822,-1.9305,467.454788
28146.6,16.5034,-8.3276,154210.345077
30899.0,5.3439,-6.0877,25169.540554
28828.3,21.5859,-9.0492,314172.3444
22198.5,22.1614,-7.57,138575.112472
18640.9,4.9806,-4.0195,2587.556064
39191.7,18.4567,-9.3083,644065.139039
24561.0,7.2201,-5.8073,17529.903643
22865.2,20.0818,-7.4787,89822.712198
3589.8,24.9312,-0.0714,110.632598
17003.0,0.8282,0.431,49.722877
18658.3,22.4424,-6.7265,51173.03387
19450.0,15.596,-7.022,29513.891952
27157.3,24.3367,-9.096,315066.053908
25178.1,11.668,-7.1079,48167.799418
28336.0,21.1969,-8.9367,240628.067491
35007.5,1.6349,-4.332,4398.329596
37051.9,8.4352,-7.6628,108567.025842
33020.2,1.7501,-3.7842,3280.694339
43109.8,24.3856,-10.8584,1992748.312493
3274.9,20.439,0.7896,35.446651
10820.6,21.3255,-4.5095,5925.379144
2821.4,23.4541,1.2605,27.555746
30017.7,2.2008,-3.9121,3894.309774
40666.3,9.6891,-8.2563,205222.841438
12848.0,1.8502,-0.0593,90.942717
41899.0,5.333,-7.7775,89798.967551
5061.4,5.7958,1.3141,21.932103
42213.5,11.7702,-9.3308,406778.650534
17444.0,6.7726,-4.1711,3706.151555
6810.4,2.5964,2.1863,12.14146
23149.5,4.2539,-4.3544,5562.801508
13413.0,3.7501,-1.6193,375.514734
14607.1,24.3291,-5.9893,21347.634796
15559.8,19.0016,-5.9171,20566.641684
36628.6,24.1966,-10.1345,859388.376524
25414.4,11.0383,-6.9251,40691.178165
15730.6,7.0169,-4.0012,2274.732878
28439.2,19.9735,-8.7045,220952.217351
32936.4,8.2102,-7.1717,70468.714284
14086.5,7.5406,-3.6347,2068.184183
20075.8,5.874,-4.607,5636.860693
7680.2,3.3116,1.0418,36.467495
10198.8,6.4711,-1.5376,397.280849
31447.5,8.9346,-7.5275,68399.501128
10211.1,16.8759,-3.5965,2953.301489
24819.4,1.6391,-2.4572,1065.608713
32634.5,5.3258,-6.6198,29305.820472
7042.3,20.2409,-2.7053,854.574143
26610.8,3.7413,-4.2408,5590.102583
13403.9,8.6187,-3.3502,1808.776159
43424.4,21.6273,-11.2463,1616413.002131
23050.7,3.9407,-4.5822,4216.0175
36754.7,2.1418,-4.9968,8049.866995
25884.6,12.1547,-7.3804,58592.223814
4345.0,7.6163,1.3725,21.962022
29408.9,14.1201,-7.915,126256.788068
42934.6,20.1108,-10.1563,1382817.543122
28068.5,3.4977,-4.8209,6781.454335
37315.5,14.551,-8.7382,342397.579787
40078.8,12.6773,-8.8165,399465.758996
12193.4,3.6704,-0.9319,280.655222
11511.9,15.63,-4.1088,4017.934045
28466.7,6.8991,-6.791,28317.897967
19968.7,12.2368,-5.8739,21264.394249
38194.1,2.1302,-5.0634,11539.779857
40751.0,11.5328,-9.1378,379343.167774
17520.4,7.7171,-4.083,5490.880321
12567.0,20.5737,-4.9107,9599.952284
35672.3,1.4999,-3.945,3688.371347
14179.3,10.5117,-3.973,4264.268289
37461.1,11.5041,-8.5124,234576.310934
20508.9,18.1472,-7.5493,50402.704126
30870.9,14.3912,-8.3524,167134.131151
6560.3,16.7069,-1.1236,317.056896
29014.0,19.4441,-8.8516,246530.897776
21700.1,21.5661,-7.5779,87261.958676
27430.9,7.9018,-6.892,38397.207369
9640.6,13.4875,-2.5995,1413.121474
33817.1,21.0155,-8.881,449317.154169
39168.9,24.7371,-10.6628,1284556.185063
11711.4,22.2468,-4.8015,7367.97664
6567.9,9.337,-0.8093,154.053244
3504.6,4.9435,3.647,3.425343
29783.8,12.2757,-7.7346,119348.675791
28301.5,18.5617,-8.1074,180362.444624
25734.6,12.3548,-7.038,60312.525969
12357.8,12.1209,-2.9776,2609.615366
19113.5,20.9687,-7.3219,57273.39254
27765.2,9.0862,-7.2744,46848.950864
23612.6,21.5061,-8.1093,136907.159116
44480.9,10.2176,-9.4729,366744.501913
8298.7,8.2596,-1.7543,305.111592
32043.6,11.3934,-8.3523,148859.639099
19683.5,19.0802,-7.0896,47381.676475
20698.5,3.22,-3.5076,1736.094283
32997.9,4.9748,-5.9499,23108.776362
31928.5,23.79,-9.4894,475494.229676
44628.4,4.4533,-7.3493,71414.486703
7956.8,14.2278,-2.2455,831.073659
6924.7,14.5165,-1.9237,421.553166
33284.4,12.2814,-8.2563,161456.893003
27081.4,16.1471,-7.775,119828.085924
14151.8,5.8073,-3.2959,1138.195501
5875.3,13.8523,-1.5848,212.537686
6140.5,9.3546,-0.0078,93.264057
40503.1,16.5687,-9.7674,772999.866421
10654.4,3.5993,-0.0058,138.278504
16243.3,14.3063,-5.4911,13939.935987
12132.9,4.6969,-1.3805,368.290925
17587.3,7.0238,-4.3731,4588.704046
5450.5,5.5302,1.3564,26.25109
24560.0,4.6363,-4.4186,7348.105151
5373.5,20.6567,-1.8316,283.287529
36515.2,7.1998,-7.3927,85198.581824
12432.8,23.1839,-4.6358,9997.216042
25450.5,24.2506,-8.4294,214756.63208
39903.4,14.3158,-9.0629,527482.2946
30162.3,3.6436,-5.4156,10847.406141
25150.7,9.4137,-6.4365,31871.788533
16284.2,19.9595,-6.0352,22358.894524
16652.6,9.2354,-5.2328,6358.729873
30953.2,2.2485,-4.5133,4173.45483
44750.9,13.9551,-9.7558,530442.681053
30628.2,21.1404,-8.9355,387603.500363
26205.8,19.9145,-8.0108,167322.56176
33552.6,4.4441,-6.1241,25943.266464
22271.2,16.8453,-6.8133,54921.720499
5056.0,5.575,2.0513,12.446998
26397.6,5.5177,-5.2126,13715.584118
43199.1,21.8619,-10.6412,1546525.631951
9950.4,6.3018,-1.2932,285.14129
31825.2,6.6401,-6.6297,36085.470635
11039.7,0.0963,6.9126,0.171949
25272.7,21.7771,-8.3342,167327.297181
6608.7,19.8315,-2.0913,734.802424
21640.8,15.713,-7.0845,44935.665936
34636.9,18.7766,-9.3181,354279.57669
17271.8,3.8691,-2.6696,1171.048574
30758.7,11.5014,-7.7232,102902.431614
36306.6,8.8324,-7.9438,115917.682978
41905.1,2.4169,-5.4537,15940.516513
12472.3,12.1944,-4.1287,3332.465995
19470.9,23.0248,-7.2876,67143.79131
8977.7,1.0783,3.267,5.822775
44680.5,7.3432,-8.0614,204396.262706
41897.5,5.2519,-6.7286,60351.497713
25448.2,6.0146,-5.3082,10643.321132
38286.4,22.7182,-9.9532,1087273.290463
24640.7,11.7443,-7.1212,48481.873305
29002.4,11.7002,-7.7368,86301.653467
6287.8,19.0335,-2.3406,429.730926
34599.0,3.9299,-5.4043,18239.955146
7927.8,12.2227,-2.1614,513.030808
37607.9,10.7952,-8.2949,172702.397034
35736.2,14.955,-9.0885,299489.753579
32621.6,24.989,-9.5872,686130.825331
4036.8,19.2547,-0.3152,104.834021
15383.0,9.9948,-4.6931,4772.427425
13682.3,20.7026,-5.4821,14757.052929
17805.8,4.3341,-3.3514,1346.393428
6224.8,0.8392,4.592,1.026711
42320.7,5.1749,-7.8092,69984.133973
26036.6,8.5631,-6.7672,31369.067077
15484.8,12.8037,-4.911,8208.575152
19371.7,15.409,-7.0259,35150.041686
21506.1,22.7723,-7.9212,89614.690741
28025.3,12.7856,-7.6437,97551.949687
24416.4,12.5718,-7.0255,48735.136778
41574.2,1.3321,-3.8444,4666.362037
23620.9,0.95,-0.6914,246.57043
44666.7,13.8149,-9.8606,615813.596617
38685.6,10.9994,-8.4934,242711.036223
11361.7,20.9924,-4.5215,6539.143647
42050.3,4.0841,-7.0262,48165.786168
7445.6,0.7023,4.1113,1.373801
37241.6,11.27,-8.6292,241236.435802
18676.5,5.998,-4.3187,4387.405706
39813.9,1.3164,-4.1216,3443.85448
39392.4,18.137,-9.8018,788763.476588
36751.8,2.8609,-5.5206,11619.407772
36076.3,15.2393,-9.4039,378743.417826
15448.9,7.0838,-3.746,2762.495185
5939.1,4.4035,1.8371,17.208968
19626.7,9.5434,-5.6855,12261.055449
9874.8,20.052,-3.7152,3242.667807
32035.4,9.851,-7.9197,83719.468775
17209.2,18.7892,-6.5999,32670.231745
43963.4,3.2071,-6.4931,31872.752674
29741.3,19.3375,-8.7718,238289.462315
37455.4,5.9844,-7.3236,63816.309852
8132.3,16.9606,-2.4231,1225.623738
39135.6,14.1793,-9.4305,416010.788567
41717.2,23.2343,-10.1277,1687307.038277
23200.1,9.7321,-6.1081,26238.240092
28265.7,1.7288,-2.9468,1318.018557
35004.4,0.5574,-1.5361,392.691235
9930.6,20.6853,-3.3946,3490.13957
23859.1,13.1564,-7.2353,53304.028713
19443.2,19.3991,-6.8169,35215.028073
8720.9,5.9219,-1.341,247.11357
18120.2,8.6795,-4.8875,7766.149576
5397.3,0.8302,5.0793,0.534215
3597.0,24.0404,-0.1647,100.026551
8244.6,16.7233,-2.7125,1535.832848
43432.4,23.3355,-10.846,1929999.706593
25855.0,6.6962,-6.0036,20145.084387
43547.4,15.3177,-10.0394,769018.867683
20881.2,16.9882,-6.6574,48398.106456
15752.2,7.9933,-4.1837,3333.598635
24011.0,21.2149,-7.4203,121551.715483
21179.2,23.6833,-7.1107,93241.879629
6990.7,22.1306,-2.4823,892.454314
29735.1,18.4975,-8.6135,237816.972159
11681.6,6.9944,-1.9739,667.742364
28832.5,7.0979,-6.1579,31961.290912
30133.5,24.0869,-9.4484,427327.348491
8961.1,0.3363,5.1398,0.665903
5107.4,17.924,-1.1639,184.218216
35682.4,17.6797,-9.6127,657663.366599
22041.5,15.5974,-6.9605,60651.909104
4972.0,24.7535,-1.661,289.344162
44781.8,7.852,-8.6823,228769.047072
4955.7,8.5521,0.5788,36.792533
32039.0,2.0472,-4.2573,3507.868783
44306.4,11.1145,-8.934,363661.877929
12665.2,6.5853,-2.9109,1054.41583
8545.6,8.6372,-1.5379,328.923552
7658.9,20.8775,-3.5252,1511.273714
15389.2,23.3923,-6.3525,31023.408079
6794.4,4.7085,0.5718,49.988211
31916.9,9.3629,-7.5207,73683.587434
5147.4,23.2215,-1.6067,359.579889
24150.4,1.6203,-2.4667,864.417849
44859.6,2.3816,-6.0971,19469.13425
37093.7,4.1368,-6.597,26496.58341
28646.8,14.9127,-7.7491,163000.672714
15515.8,3.8298,-2.5638,783.764086
29015.6,24.2045,-9.2051,402113.868168
24899.3,11.2121,-6.4027,39279.770072
20608.5,12.5778,-5.1496,22118.054573
8055.2,6.2267,-0.8212,136.78441
40180.7,11.8163,-8.8262,321707.148108
21615.8,16.5749,-7.0354,47360.680325
10771.5,18.7993,-4.3791,4263.433489
18129.8,18.8664,-6.4747,28173.44644
20100.5,14.481,-6.5238,26850.154697
37670.4,22.6166,-10.1821,1001636.425769
33678.6,20.4498,-9.8265,518981.137355
35195.5,18.9456,-9.1169,471446.113241
2968.8,1.4657,7.0381,0.132518
20186.5,0.2514,2.6348,8.323784
22957.1,5.3742,-4.8809,6882.280429
3315.7,16.615,0.9638,32.341963
13542.1,10.327,-3.988,3597.134166
34812.3,10.108,-8.2192,126844.617884
8327.2,22.1239,-3.4207,1838.598663
25250.7,22.3974,-8.5757,188945.778053
11646.1,22.7366,-5.113,7729.349013
3015.1,7.9018,2.7061,4.350743
12751.1,17.3011,-4.6359,8323.202508
43974.6,6.8491,-8.4418,173808.527008
36565.3,4.83,-6.3324,38132.416021
43282.0,4.681,-6.8341,59226.73617
23233.8,8.6053,-6.2363,19857.375486
7163.8,10.7945,-1.6802,312.78808
25788.3,20.7873,-7.5664,163906.880474
21811.0,3.0677,-3.1113,2247.14282
38385.2,18.3944,-9.8936,769635.062385
6668.5,13.3239,-1.5681,384.565999
23250.2,7.2556,-5.7173,14317.081563
8877.1,12.3611,-2.4636,913.465008
16298.7,7.5546,-4.4284,4281.770267
33837.7,14.9344,-9.2835,276809.762828
22730.8,10.8914,-6.5689,26754.149974
18475.3,4.177,-3.2587,1728.229354
19265.2,2.9853,-3.0887,1133.395698
22026.5,13.7037,-6.5145,33969.231926
35863.2,22.5681,-10.1162,743038.682522
40413.6,8.6514,-8.6414,204325.347706
43101.7,18.3464,-9.7161,801254.418716
35943.4,16.4938,-9.3331,489756.08268
15904.8,23.2943,-6.5524,35644.78418
31745.7,20.5388,-8.8523,363766.062212
21098.1,14.1998,-6.5067,38260.405845
13323.5,16.4532,-4.5184,7656.462184
38237.0,22.4678,-10.4101,1122145.34563
4133.1,10.036,1.0417,29.671309
40824.9,8.2237,-8.3797,142482.52973
22112.8,0.3494,1.1009,28.102549
29581.1,20.6777,-8.5719,286570.217192
30522.5,20.0404,-8.5938,315866.77332
40542.5,2.683,-5.4395,15989.197851
29558.5,14.4553,-8.7355,176512.424075
28592.2,11.6424,-7.3096,92080.730559
5332.7,3.0382,2.4019,6.128728
24532.3,24.5158,-7.9984,166411.319259
8882.2,5.4302,-0.7532,157.218721
33840.9,1.7555,-3.9496,3820.262487
24269.4,14.9036,-7.6337,71158.840188
31409.7,18.4926,-8.7283,347092.581841
4271.1,0.8885,5.93,0.259132
6103.7,16.4952,-1.7884,380.625833
32943.7,13.3447,-8.6486,195719.6177
5563.6,2.6534,2.6177,5.122694
5528.4,4.3793,1.8639,15.700035
3014.6,14.2339,2.2022,17.049453
43151.3,7.4652,-7.5939,172292.83506
33844.1,23.4628,-9.7402,688337.509298
17513.2,20.483,-6.2221,34082.081288
15102.8,24.5905,-6.1044,24944.851899
17362.4,6.551,-3.8891,3447.579816
35422.8,24.2455,-10.094,861765.374924
30608.3,10.8263,-7.4488,85317.178811
10370.8,8.7402,-2.2529,770.71935
9899.6,1.3347,1.8424,13.714569
6681.8,1.3949,3.3109,3.980064
30562.9,17.3249,-8.5738,226810.405594
34985.8,11.4916,-8.2757,211314.896217
13764.5,5.7249,-3.1944,1268.055085
3390.2,15.3801,1.2084,27.763097
5992.3,6.3812,1.2567,41.736422
43634.1,14.4746,-9.1907,530514.034117
15056.4,9.0315,-3.5791,3151.933941
35192.0,20.6029,-9.4012,495364.174338
29048.2,20.5317,-8.8449,317729.931498
18732.4,11.9756,-5.4342,16065.54719
11241.7,8.8224,-2.4492,1168.686999
7658.9,9.115,-1.3913,196.496594
28638.1,20.1584,-8.8167,212394.683136
35421.9,8.2582,-7.4176,107147.910484
29865.9,5.2898,-6.0278,20673.369449
25037.8,2.1904,-3.3896,1662.133183
4282.9,11.71,0.4005,44.299898
43660.8,12.0947,-9.718,580360.94787
36445.4,21.0354,-10.1052,682090.826534
14944.9,5.5933,-2.5218,1411.928455
44148.7,9.5743,-8.9376,319752.987549
28080.0,20.2255,-8.8918,304045.897075
27253.0,20.6047,-8.0557,163331.030104
34293.1,9.6645,-7.6786,125800.754462
37000.2,11.5214,-8.2904,220156.862231
30400.3,7.6379,-6.6013,47850.592711
7944.1,23.3193,-3.4633,1795.694893
16876.4,3.0366,-2.305,667.160005
41943.6,23.349,-10.5207,1648785.215801
12046.2,17.122,-5.0659,8046.773564
18317.1,13.3268,-5.911,19764.142792
20863.3,0.8939,-0.2922,122.677418
21174.7,11.9319,-5.9424,24405.719279
28549.9,10.2411,-7.5454,59206.869903
42580.7,4.0976,-6.4944,39922.229237
12729.4,16.4377,-4.695,6117.977278
7663.8,24.2811,-3.2416,1992.489686
10892.5,14.0897,-3.3078,2151.784116
40194.3,17.8917,-9.5917,850141.037704
29947.0,1.7858,-3.3001,2439.943779
14651.0,10.4883,-3.8821,4163.95179
37177.7,2.9797,-5.2465,14961.587277
39108.2,15.3509,-9.541,599136.058461
38476.9,23.467,-10.344,1182583.030405
41554.4,16.5715,-9.6181,735425.091947
13220.2,1.9939,-0.0492,105.896443
34589.3,8.9183,-7.7803,103088.668276
22072.9,13.8025,-6.5227,38157.195257
38284.9,10.1279,-8.1447,153586.817053
33460.9,20.8544,-9.8731,624974.757748
35499.0,20.3816,-9.2982,603012.836792
30386.9,15.3268,-8.3444,188490.032414
10040.7,9.3866,-1.9127,797.895272
25663.6,6.443,-6.0014,14791.975425
44348.5,2.7184,-6.3075,25080.578694
42339.0,8.9241,-8.3559,189505.99728
4334.9,10.3763,0.9855,44.828317
9504.6,16.9215,-3.2131,1807.88887
8098.5,16.4813,-2.5091,926.203231
33354.1,1.8271,-4.317,3516.147505
37255.9,9.9299,-8.7059,198922.510538
11574.2,4.6099,-1.4269,342.770492
23998.7,3.9878,-4.5377,4080.21184
38229.9,20.6964,-10.2521,954245.540282
33644.1,1.1245,-3.0462,1586.938189
25545.1,10.526,-7.0524,45155.382828
27589.8,4.2716,-4.8046,10336.455186
24105.3,21.9929,-8.0907,195294.503859
15145.8,13.9614,-5.7573,11961.833624
26513.4,5.846,-5.7648,13953.522276
31777.6,12.6005,-8.8584,176514.203048
39616.2,18.3086,-10.0898,775645.49663
29542.4,23.9563,-9.0272,416410.796848
34847.7,5.5735,-6.5876,33546.683519
9303.0,22.1636,-3.8293,3234.395218
22116.2,23.3629,-8.1166,106272.938823
2896.6,22.9172,1.1197,36.636834
12983.9,15.9145,-4.9736,7343.63642
33374.6,15.7751,-8.5029,215967.645974
44651.9,10.128,-9.0986,364880.216523
6715.1,18.8298,-2.661,740.026665
19563.5,13.3198,-6.3531,22800.60905
36503.0,16.9618,-9.1759,500197.955081
11171.5,10.7572,-3.1378,1686.690149
26091.1,18.3089,-7.8125,145207.803058
33655.5,20.6258,-9.2783,474022.32488
28679.4,3.7292,-4.7917,7294.505191
10491.1,20.8366,-4.6399,4124.497278
17603.8,13.5442,-5.8271,17210.524482
35811.2,21.1291,-9.7262,660294.959541
26054.6,10.828,-6.3775,47677.146252
2722.3,9.5257,3.431,4.249218
34842.1,22.8833,-9.3471,667483.147062
4000.7,6.3391,2.4292,10.472938
34193.7,21.1178,-9.6491,525409.976283
11105.4,12.1418,-3.225,1712.797348
43218.1,12.8913,-9.4982,568721.627155
18137.5,7.767,-4.7974,5715.188016
16394.6,14.3602,-5.5852,13416.843977
8827.7,8.1843,-1.8365,442.615936
15488.2,1.0586,0.8282,57.713642
39757.7,6.8582,-8.2853,109160.33453
44844.2,0.239,-0.5059,179.865016
18153.2,24.4606,-7.2897,56778.567025
21566.0,24.1464,-8.2266,121740.630205
33188.0,9.9273,-7.2486,89005.285075
40163.3,18.231,-9.7378,794870.672193
27704.4,8.6975,-6.3742,40469.169304
19139.8,16.8036,-6.3038,34166.601494
20036.4,20.1513,-6.7121,66501.25068
32063.8,23.6732,-9.3875,553210.358994
2636.8,10.0533,2.9938,5.23395
28832.5,19.5998,-8.3971,211418.637235
17608.5,6.7069,-3.8489,3943.727161
36253.4,24.7591,-10.3202,959743.622535
6452.1,0.7222,5.0339,0.713279
27498.6,15.1199,-8.0449,131543.563781
22941.3,16.5149,-8.0768,89591.750816
29798.8,17.2261,-8.4384,209495.353971
5256.3,3.0801,2.2609,6.903039
27149.3,23.4682,-8.74,271198.928337
26363.1,4.5951,-4.7644,8399.902745
26328.1,15.599,-7.6039,84308.176242
28148.2,5.6291,-5.2877,16397.906003
31249.9,7.7358,-7.127,43326.68645
36712.0,13.6977,-8.8078,375173.101411
13967.4,10.4765,-3.9207,3696.407626
37564.6,4.0728,-6.7334,28429.424858
23675.9,4.3397,-3.9207,5907.155218
5775.0,10.5002,-0.1435,96.166301
4988.4,18.9515,-1.0395,181.995817
16705.1,22.4573,-6.8981,35526.384815
35858.1,2.1765,-4.9759,7949.806327
32576.4,9.8761,-7.7514,104670.695512
36016.1,2.5781,-5.1804,10337.747943
24483.9,0.4935,0.008,79.256171
21208.5,16.57,-6.8078,52291.508394
8766.7,15.093,-2.9977,1236.811482
16448.2,4.1424,-3.1492,995.856697
20945.8,5.9066,-4.6632,6058.40709
6265.5,0.6708,4.8933,0.546946
11876.0,20.8869,-4.8204,7862.211877
27924.6,24.3693,-9.1285,305824.833704
33765.7,3.4557,-5.8196,18888.288973
44929.8,5.8484,-7.579,124456.056095
42157.3,21.7208,-10.5396,1129664.586885
29809.0,23.1675,-8.8373,374149.670015
20403.0,10.5371,-5.9388,18372.976177
29537.5,1.3415,-2.6737,1502.394829
35890.2,1.0616,-3.2464,1563.262018
7529.3,14.3828,-2.1129,493.316317
19921.0,9.8709,-5.4517,15185.112433
38191.6,0.794,-2.8001,1019.699019
18812.9,14.6146,-6.2743,22780.293091
26804.6,0.3617,0.2883,58.735195
27480.2,19.7013,-8.417,196938.43071
10340.2,7.7163,-1.8888,663.35708
17895.0,1.0832,-0.6476,99.455852
16716.7,14.7417,-5.585,14734.214367
3613.4,9.9903,2.0289,15.238696
3528.1,24.3471,0.0689,83.901369
37847.1,13.6414,-8.6921,346608.760425
14105.5,6.939,-3.328,1802.006515
24518.3,17.7592,-7.8503,113156.426404
15195.8,6.8456,-3.4496,2350.01801
42478.9,22.6137,-10.6401,1577485.030081
13520.1,9.4181,-3.6233,2199.261702
20760.4,13.7827,-6.2988,31850.901135
39591.0,1.3403,-4.3898,4194.297233
38282.2,10.6989,-8.7767,240739.282054
10409.3,20.8225,-4.3609,4203.018342
36612.3,20.1568,-9.2865,605195.344526
21972.9,5.67,-5.4695,6276.13448
23026.2,5.7139,-4.9301,8782.060413
8172.9,20.4472,-3.3553,1894.720469
5925.6,23.2655,-2.4802,570.163812
33437.4,2.4564,-4.7869,7546.330019
23599.6,11.2955,-6.4429,36037.236335
21066.2,8.4894,-5.2688,12545.954566
33504.1,21.7776,-10.1287,522737.420523
35034.3,2.1614,-4.4266,6906.534133
9253.6,5.3413,-1.0804,195.158284
28434.6,18.8315,-8.59,273307.900716
8252.5,1.3582,2.9133,6.930794
34433.4,12.354,-8.6677,204845.53805
30420.6,11.0973,-7.3759,88800.692704
43156.1,8.4133,-8.5106,198466.268546
5430.7,9.9127,-0.3982,76.584237
4924.8,13.2861,0.1809,94.712601
14493.0,4.1013,-2.8024,945.009986
