galaxy_id,mean_brightness,galaxy_size,redshift,color_index,ellipticity,surface_brightness,concentration_index,star_formation_rate,galaxy_type
GLX0001,21.22,5.57,0.0388,0.481,0.113,20.07,2.33,1.64,Irregular
GLX0002,22.56,21.85,0.0457,0.485,0.379,18.82,2.09,0.68,Spiral
GLX0003,18.0,20.46,0.0706,0.894,0.539,18.72,3.46,1.6,Elliptical
GLX0004,18.88,8.75,0.0162,0.501,0.391,19.34,2.25,0.0,Spiral
GLX0005,21.52,11.34,0.0516,0.472,0.339,21.64,2.53,2.29,Spiral
GLX0006,25.09,5.5,0.043,0.736,0.314,20.54,1.23,5.3,Irregular
GLX0007,21.12,9.9,0.0361,0.695,0.743,18.21,3.01,0.68,Elliptical
GLX0008,18.86,16.98,0.0793,0.923,0.718,18.27,3.33,0.97,Elliptical
GLX0009,21.45,3.8,0.0922,0.873,0.395,17.51,4.18,1.41,Elliptical
GLX0010,18.92,18.01,0.0414,0.822,0.665,19.77,3.7,0.62,Elliptical
GLX0011,21.24,16.21,0.0271,0.945,0.458,20.36,3.22,0.86,Elliptical
GLX0012,20.04,16.86,0.0762,0.875,0.536,16.95,3.4,1.05,Elliptical
GLX0013,20.88,20.97,0.0524,0.869,0.4,20.19,2.77,3.03,Spiral
GLX0014,18.45,5.16,0.0701,0.769,0.452,18.89,3.36,1.66,Elliptical
GLX0015,22.97,1.0,0.0336,0.588,0.544,18.42,2.14,3.32,Irregular
GLX0016,19.65,15.43,0.0566,1.036,0.742,18.62,3.86,1.45,Elliptical
GLX0017,19.4,9.71,0.1001,1.1,0.661,17.53,2.77,0.31,Elliptical
GLX0018,21.61,17.8,0.0247,0.736,0.168,20.51,2.25,3.4,Spiral
GLX0019,18.37,14.2,0.0588,0.629,0.787,19.41,4.58,0.0,Elliptical
GLX0020,19.09,15.3,0.0251,0.533,0.251,18.95,1.68,0.77,Spiral
GLX0021,19.55,10.1,0.0923,0.866,0.492,18.48,3.74,1.02,Elliptical
GLX0022,20.85,8.53,0.036,0.46,0.34,19.57,1.53,2.67,Irregular
GLX0023,21.56,17.25,0.0399,0.475,0.491,18.25,2.64,4.81,Spiral
GLX0024,23.63,9.88,0.001,0.493,0.244,19.67,1.76,0.0,Irregular
GLX0025,22.54,9.12,0.0192,0.547,0.345,21.51,2.03,0.37,Irregular
GLX0026,21.73,6.92,0.0373,0.891,0.748,18.54,3.55,0.07,Elliptical
GLX0027,22.91,11.68,0.0496,0.557,0.038,20.24,1.12,3.37,Irregular
GLX0028,22.16,4.67,0.0447,0.308,0.518,23.11,1.48,0.49,Irregular
GLX0029,25.93,12.46,0.0246,0.416,0.272,20.59,2.75,4.77,Irregular
GLX0030,22.44,18.68,0.0659,0.73,0.098,21.37,2.52,2.51,Spiral
GLX0031,22.25,5.83,0.0391,0.21,0.509,21.96,1.78,1.78,Irregular
GLX0032,22.27,10.18,0.0363,0.368,0.888,19.44,1.9,2.65,Irregular
GLX0033,21.55,14.91,0.034,0.754,0.634,17.9,2.41,0.87,Elliptical
GLX0034,23.02,11.88,0.0555,0.275,0.236,19.55,2.25,2.14,Irregular
GLX0035,21.21,2.38,0.0728,0.348,0.175,18.44,1.88,0.67,Irregular
GLX0036,18.62,20.31,0.0739,0.874,0.525,18.47,3.91,1.18,Elliptical
GLX0037,21.42,21.19,0.0823,0.578,0.0,20.46,2.38,3.12,Spiral
GLX0038,22.26,6.56,0.0507,0.393,0.306,19.88,2.49,2.45,Irregular
GLX0039,23.66,7.95,0.0424,0.645,0.396,23.62,1.92,4.03,Irregular
GLX0040,21.32,16.22,0.0363,0.545,0.523,20.0,2.25,3.57,Spiral
GLX0041,19.19,15.57,0.0972,0.744,0.161,17.47,3.59,0.8,Elliptical
GLX0042,19.29,3.28,0.001,0.429,0.388,18.86,2.58,3.48,Irregular
GLX0043,20.97,18.16,0.0712,0.506,0.495,20.66,1.7,3.44,Spiral
GLX0044,22.37,12.5,0.0426,0.225,0.358,20.41,1.61,3.45,Irregular
GLX0045,18.84,12.49,0.0843,0.621,0.629,21.39,1.97,2.65,Irregular
GLX0046,23.24,13.85,0.042,0.61,0.244,20.13,3.06,2.08,Irregular
GLX0047,22.04,19.31,0.039,0.873,0.336,19.86,2.91,3.78,Spiral
GLX0048,20.41,19.49,0.0418,0.55,0.066,20.6,2.93,4.03,Spiral
GLX0049,22.73,13.99,0.0164,0.278,0.736,20.35,2.4,2.99,Irregular
GLX0050,20.37,17.95,0.0727,0.886,0.599,17.48,3.12,1.5,Elliptical
GLX0051,21.12,24.19,0.001,0.464,0.447,21.29,2.94,2.9,Spiral
GLX0052,21.07,18.12,0.0443,0.551,0.213,20.54,3.02,3.18,Spiral
GLX0053,22.3,27.11,0.03,0.599,0.277,18.68,2.21,3.14,Spiral
GLX0054,22.36,9.3,0.0592,0.251,0.518,20.31,1.0,5.0,Irregular
GLX0055,21.21,6.54,0.0108,0.663,0.216,21.8,1.47,4.43,Irregular
GLX0056,20.77,13.55,0.001,0.54,0.082,20.61,2.51,1.34,Irregular
GLX0057,21.2,19.54,0.0558,0.65,0.615,19.29,3.07,1.66,Elliptical
GLX0058,22.78,21.48,0.0676,0.529,0.559,20.89,3.1,4.07,Spiral
GLX0059,20.18,17.46,0.0727,0.817,0.809,18.7,4.0,1.44,Elliptical
GLX0060,19.71,13.84,0.0305,0.92,0.633,20.82,3.15,0.53,Elliptical
GLX0061,22.06,21.23,0.0265,0.664,0.303,19.62,3.05,4.64,Spiral
GLX0062,19.96,16.34,0.0809,0.822,0.593,18.57,4.41,1.5,Elliptical
GLX0063,20.23,17.33,0.1027,0.687,0.625,17.16,3.64,0.67,Elliptical
GLX0064,21.44,26.51,0.0401,0.576,0.357,18.95,2.74,1.16,Spiral
GLX0065,21.79,15.45,0.0555,0.239,0.204,21.64,1.47,5.98,Irregular
GLX0066,21.14,20.07,0.0222,0.826,0.315,18.59,3.26,0.23,Elliptical
GLX0067,20.83,14.71,0.0563,0.153,0.502,22.56,2.45,2.86,Irregular
GLX0068,22.29,7.47,0.0586,0.945,0.933,18.99,4.29,0.68,Elliptical
GLX0069,21.87,17.51,0.0366,0.755,0.574,21.35,3.03,3.92,Spiral
GLX0070,18.11,24.1,0.0427,0.871,0.891,19.57,2.8,0.26,Elliptical
GLX0071,25.04,9.53,0.0618,0.157,0.383,20.24,2.14,4.33,Irregular
GLX0072,21.2,10.18,0.025,0.484,0.259,20.02,1.25,2.28,Irregular
GLX0073,22.3,20.84,0.0301,0.617,0.682,18.98,3.2,3.42,Spiral
GLX0074,21.97,6.99,0.0671,0.468,0.82,20.34,1.63,1.93,Irregular
GLX0075,22.85,16.48,0.0487,0.65,0.398,18.36,3.58,1.39,Elliptical
GLX0076,21.83,7.36,0.037,0.442,0.626,21.77,2.71,2.89,Irregular
GLX0077,23.81,13.33,0.0517,0.38,0.606,22.74,1.82,2.48,Irregular
GLX0078,20.36,12.89,0.0555,0.29,0.508,22.64,1.69,1.0,Irregular
GLX0079,20.42,14.29,0.0564,0.884,0.693,19.14,3.98,0.33,Elliptical
GLX0080,24.3,6.3,0.0389,0.403,0.447,22.15,1.55,2.34,Irregular
GLX0081,22.94,10.68,0.0482,0.449,0.313,21.18,1.89,3.15,Irregular
GLX0082,21.35,6.26,0.0251,0.64,0.451,20.54,1.98,0.0,Irregular
GLX0083,19.89,7.34,0.0598,0.86,0.463,19.17,3.34,1.38,Elliptical
GLX0084,20.6,13.2,0.0863,0.885,0.477,18.18,3.26,0.56,Elliptical
GLX0085,21.46,13.81,0.0278,0.403,0.362,20.86,2.3,3.87,Irregular
GLX0086,22.19,18.47,0.0753,0.921,0.307,17.45,4.1,0.0,Elliptical
GLX0087,22.83,16.87,0.0182,0.912,0.415,19.73,3.5,0.23,Elliptical
GLX0088,19.47,16.05,0.0814,0.774,0.832,18.84,3.22,0.62,Elliptical
GLX0089,22.26,25.73,0.0383,0.402,0.153,19.62,2.21,3.48,Spiral
GLX0090,20.9,13.88,0.0465,0.764,0.747,18.43,3.27,0.73,Elliptical
GLX0091,22.14,12.56,0.0848,0.913,0.577,19.88,3.71,0.55,Elliptical
GLX0092,20.84,17.5,0.045,0.491,0.463,19.65,2.54,2.54,Spiral
GLX0093,20.7,31.62,0.0356,0.39,0.444,18.69,2.46,1.87,Spiral
GLX0094,22.5,11.82,0.001,0.412,0.774,20.06,2.21,0.0,Irregular
GLX0095,23.04,4.62,0.0354,0.529,0.004,20.59,3.2,7.08,Irregular
GLX0096,21.7,15.25,0.0305,0.687,0.305,20.53,2.64,3.56,Spiral
GLX0097,20.11,12.74,0.0352,0.442,0.195,17.94,3.86,0.5,Elliptical
GLX0098,20.13,12.71,0.0668,0.824,0.321,19.21,3.24,0.09,Elliptical
GLX0099,23.31,4.23,0.0401,0.349,0.499,20.82,1.92,2.81,Irregular
GLX0100,22.21,8.67,0.0347,0.249,0.421,22.72,2.71,2.75,Irregular
GLX0101,24.25,10.25,0.0319,0.675,0.535,21.53,1.95,5.12,Irregular
GLX0102,21.62,6.0,0.0446,0.426,0.403,18.42,1.77,3.03,Irregular
GLX0103,21.2,19.08,0.0029,0.584,0.13,18.76,2.79,0.63,Spiral
GLX0104,19.76,16.62,0.0347,1.143,0.58,16.89,3.17,1.06,Elliptical
GLX0105,20.72,20.94,0.06,0.801,0.671,17.87,3.89,1.67,Elliptical
GLX0106,22.55,12.12,0.0438,0.473,0.383,20.06,1.09,4.04,Irregular
GLX0107,19.06,7.5,0.0386,0.849,0.395,16.5,3.57,0.0,Elliptical
GLX0108,18.51,14.24,0.0603,0.79,0.617,18.3,2.37,3.53,Spiral
GLX0109,21.55,7.89,0.0837,0.803,0.823,16.94,4.1,0.56,Elliptical
GLX0110,21.1,10.55,0.0919,0.929,0.438,17.18,3.81,1.02,Elliptical
GLX0111,20.27,8.01,0.0649,0.539,0.517,20.18,2.35,3.64,Irregular
GLX0112,19.25,11.67,0.0381,0.765,0.335,21.73,2.7,2.77,Spiral
GLX0113,21.22,15.44,0.0747,0.624,0.649,20.43,2.42,3.61,Spiral
GLX0114,22.53,19.1,0.0301,0.509,0.262,19.38,2.53,4.8,Spiral
GLX0115,18.06,12.37,0.0236,0.214,0.49,21.83,2.23,5.84,Irregular
GLX0116,22.68,22.03,0.0704,0.735,0.309,19.78,3.18,2.81,Spiral
GLX0117,21.63,10.05,0.0323,0.631,0.113,18.99,1.43,0.0,Irregular
GLX0118,18.25,14.6,0.0588,0.485,0.559,19.83,2.65,3.54,Spiral
GLX0119,25.52,10.06,0.0671,0.522,0.171,19.64,2.53,5.89,Spiral
GLX0120,19.94,20.06,0.0904,1.023,0.443,18.86,3.42,0.87,Elliptical
GLX0121,19.07,19.38,0.059,0.603,0.375,19.92,2.46,3.37,Spiral
GLX0122,24.02,3.16,0.055,0.337,0.408,20.15,1.71,0.0,Irregular
GLX0123,22.44,13.54,0.0187,0.653,0.472,19.85,2.9,3.76,Spiral
GLX0124,19.7,24.44,0.0599,0.431,0.368,19.95,2.85,3.41,Spiral
GLX0125,21.68,17.11,0.032,0.966,0.845,17.36,4.25,0.67,Elliptical
GLX0126,17.84,17.87,0.0379,0.951,0.858,18.48,3.73,0.46,Elliptical
GLX0127,21.19,10.07,0.048,0.381,0.338,21.12,2.26,4.05,Irregular
GLX0128,22.98,6.88,0.0037,0.506,0.327,20.53,2.1,3.14,Irregular
GLX0129,21.0,16.31,0.0535,0.515,0.388,19.72,2.35,3.82,Spiral
GLX0130,20.66,13.15,0.0295,0.604,0.61,20.95,2.48,2.42,Spiral
GLX0131,19.32,3.13,0.0767,0.904,0.62,19.09,3.05,0.0,Elliptical
GLX0132,24.92,13.63,0.0379,0.551,0.373,21.75,2.89,0.95,Irregular
GLX0133,18.5,9.71,0.0854,1.055,0.787,18.0,3.22,1.28,Elliptical
GLX0134,21.41,14.53,0.0515,0.716,0.519,19.98,1.0,2.51,Irregular
GLX0135,22.65,21.27,0.0246,0.618,0.422,19.89,3.37,2.74,Spiral
GLX0136,24.49,10.86,0.0651,0.298,0.378,21.13,2.52,2.22,Irregular
GLX0137,18.92,10.52,0.1259,0.848,0.735,17.09,4.39,0.65,Elliptical
GLX0138,22.15,20.06,0.0413,0.402,0.37,19.92,2.69,3.13,Spiral
GLX0139,22.81,10.82,0.0723,0.863,0.237,19.04,3.69,0.0,Elliptical
GLX0140,20.87,9.31,0.0983,0.613,0.65,18.21,3.76,0.0,Elliptical
GLX0141,22.99,4.19,0.0733,0.37,0.677,20.07,2.54,2.76,Irregular
GLX0142,21.64,7.31,0.0763,0.828,0.642,18.69,4.6,0.09,Elliptical
GLX0143,19.43,16.81,0.001,0.828,0.474,19.14,3.85,0.73,Elliptical
GLX0144,20.97,6.02,0.0052,0.433,0.159,19.11,2.59,2.96,Irregular
GLX0145,22.4,13.36,0.086,0.609,0.435,21.24,1.73,2.64,Irregular
GLX0146,21.24,7.6,0.0394,0.653,0.291,20.75,2.37,3.94,Irregular
GLX0147,20.54,19.78,0.1351,0.91,0.613,17.85,3.74,0.93,Elliptical
GLX0148,20.36,8.85,0.0791,0.79,0.483,20.85,3.61,1.5,Elliptical
GLX0149,20.06,16.78,0.1048,0.839,0.486,18.42,2.68,0.0,Elliptical
GLX0150,18.53,12.04,0.0519,0.316,0.275,20.17,1.4,0.25,Irregular
GLX0151,22.62,11.85,0.0482,0.403,0.558,20.65,1.55,3.86,Spiral
GLX0152,18.83,17.5,0.0505,0.808,0.818,18.61,4.6,0.97,Elliptical
GLX0153,20.71,6.63,0.0541,0.522,0.562,20.0,2.17,0.0,Irregular
GLX0154,18.71,14.01,0.0722,0.853,0.359,19.29,3.5,0.82,Elliptical
GLX0155,22.2,20.79,0.0324,0.626,0.316,18.4,2.28,2.21,Spiral
GLX0156,22.22,11.04,0.0694,0.534,0.24,18.74,2.65,1.25,Irregular
GLX0157,21.29,6.75,0.06,0.559,0.643,21.08,4.26,0.0,Elliptical
GLX0158,22.18,26.27,0.0199,0.338,0.373,17.57,2.37,2.13,Spiral
GLX0159,19.47,9.69,0.0845,0.915,0.293,18.34,5.3,0.85,Elliptical
GLX0160,21.89,15.8,0.0642,0.623,0.343,19.61,3.33,1.3,Elliptical
GLX0161,19.26,21.22,0.1013,0.78,0.821,16.3,4.06,1.67,Elliptical
GLX0162,25.36,11.94,0.0401,0.225,0.518,21.48,1.9,4.26,Irregular
GLX0163,21.64,10.82,0.029,0.639,0.278,20.42,3.08,3.41,Spiral
GLX0164,21.67,17.26,0.0435,0.504,0.431,19.63,3.91,1.2,Spiral
GLX0165,20.27,9.12,0.0569,0.917,0.33,18.27,4.04,0.44,Elliptical
GLX0166,23.33,18.23,0.0304,0.354,0.171,18.53,2.31,1.82,Spiral
GLX0167,20.52,21.57,0.099,1.083,0.407,21.12,3.74,0.49,Elliptical
GLX0168,20.24,5.52,0.1103,0.875,0.735,19.95,3.73,0.0,Elliptical
GLX0169,23.56,14.49,0.0355,0.402,0.423,20.93,2.44,2.93,Spiral
GLX0170,25.34,12.29,0.0161,0.542,0.463,19.86,1.71,3.95,Irregular
GLX0171,20.71,10.2,0.1389,0.767,0.503,17.77,2.55,0.0,Elliptical
GLX0172,21.8,13.79,0.0891,0.808,0.681,17.72,3.32,0.96,Elliptical
GLX0173,24.3,6.58,0.0536,0.295,0.609,19.41,1.56,1.79,Irregular
GLX0174,25.53,11.7,0.0981,0.249,0.466,21.2,2.36,3.98,Irregular
GLX0175,23.05,7.4,0.0542,0.5,0.536,23.56,1.3,3.19,Irregular
GLX0176,22.63,12.88,0.0466,0.345,0.502,21.59,2.99,4.54,Irregular
GLX0177,19.81,19.91,0.0357,0.871,0.708,16.96,3.68,0.0,Elliptical
GLX0178,23.13,8.14,0.0382,0.002,0.55,20.84,2.04,7.55,Irregular
GLX0179,22.72,5.99,0.0518,0.356,0.304,18.9,1.4,0.36,Irregular
GLX0180,22.31,12.8,0.0221,0.673,0.068,20.53,2.98,2.12,Spiral
GLX0181,21.22,8.19,0.0533,0.323,0.242,18.79,1.88,1.88,Irregular
GLX0182,21.89,12.77,0.0215,0.929,0.015,20.79,3.53,2.42,Spiral
GLX0183,21.98,21.71,0.0549,0.426,0.235,19.35,3.45,2.76,Spiral
GLX0184,23.93,10.96,0.046,0.434,0.328,22.27,2.51,2.35,Irregular
GLX0185,19.67,23.56,0.0568,0.365,0.244,21.6,2.44,3.98,Spiral
GLX0186,23.03,17.19,0.055,0.514,0.217,20.52,2.63,0.6,Spiral
GLX0187,21.33,1.03,0.0404,0.737,0.182,19.47,2.65,0.71,Irregular
GLX0188,17.62,24.17,0.0788,0.948,0.317,18.01,2.54,2.42,Elliptical
GLX0189,20.86,22.89,0.0566,0.613,0.485,20.71,2.24,2.58,Spiral
GLX0190,25.06,6.62,0.0504,0.621,0.478,20.24,2.3,2.95,Irregular
GLX0191,19.46,28.1,0.0763,0.643,0.423,19.86,3.5,0.99,Elliptical
GLX0192,20.56,16.34,0.0989,0.847,0.222,17.81,3.33,0.31,Elliptical
GLX0193,20.47,8.89,0.0455,0.48,0.599,21.7,2.3,1.23,Spiral
GLX0194,23.58,12.83,0.0284,0.331,0.354,19.85,2.8,1.56,Spiral
GLX0195,20.07,8.94,0.0758,0.19,0.35,23.07,1.85,4.09,Irregular
GLX0196,21.96,12.73,0.0761,1.038,0.749,20.21,3.04,0.92,Elliptical
GLX0197,21.65,21.01,0.0552,0.548,0.566,20.04,2.86,4.52,Spiral
GLX0198,19.58,14.3,0.0604,0.685,0.258,19.48,2.92,2.49,Spiral
GLX0199,19.29,15.04,0.011,0.499,0.325,20.42,2.84,3.05,Spiral
GLX0200,19.99,18.45,0.0567,0.489,0.408,18.9,2.05,2.86,Spiral
GLX0201,25.03,16.01,0.0505,0.567,0.18,20.8,2.78,4.3,Spiral
GLX0202,22.62,7.87,0.0569,0.486,0.412,20.79,2.28,0.92,Irregular
GLX0203,23.17,18.36,0.0378,0.531,0.229,18.62,2.56,1.0,Spiral
GLX0204,22.5,8.83,0.0437,0.039,0.604,22.34,1.86,3.91,Irregular
GLX0205,23.19,14.15,0.0505,0.553,0.174,19.23,2.39,1.25,Irregular
GLX0206,23.32,22.93,0.0787,0.622,0.551,19.32,3.09,3.31,Spiral
GLX0207,21.89,8.12,0.0625,0.27,0.502,21.04,2.03,3.61,Irregular
GLX0208,19.63,11.98,0.0581,0.198,0.575,19.32,2.53,3.22,Irregular
GLX0209,20.31,10.83,0.0583,0.586,0.43,20.02,2.86,4.71,Spiral
GLX0210,19.51,18.19,0.0932,0.812,0.531,20.27,3.84,0.26,Elliptical
GLX0211,22.58,18.44,0.0262,0.51,0.453,19.64,2.59,1.57,Spiral
GLX0212,21.99,18.77,0.008,0.448,0.301,18.44,2.87,3.4,Spiral
GLX0213,20.98,1.09,0.0286,0.172,0.351,24.55,2.04,0.0,Irregular
GLX0214,24.86,8.69,0.0327,0.271,0.663,20.02,1.96,2.56,Irregular
GLX0215,21.71,8.87,0.0823,0.977,0.417,18.29,3.68,0.45,Elliptical
GLX0216,21.22,14.47,0.0677,0.821,0.264,18.21,2.83,0.36,Elliptical
GLX0217,20.02,21.31,0.0779,0.779,0.552,20.78,4.15,0.24,Elliptical
GLX0218,23.5,22.44,0.0566,0.672,0.197,20.25,2.61,0.99,Spiral
GLX0219,22.61,19.87,0.0496,0.716,0.389,20.43,3.18,1.02,Spiral
GLX0220,20.97,23.27,0.0246,0.447,0.0,17.96,3.07,5.65,Spiral
GLX0221,22.49,5.73,0.0741,0.55,0.507,20.79,2.04,3.07,Irregular
GLX0222,20.37,10.42,0.0401,0.32,0.6,19.95,1.89,2.13,Irregular
GLX0223,21.33,19.12,0.0256,0.771,0.432,18.34,3.08,0.0,Elliptical
GLX0224,25.02,13.21,0.058,0.682,0.535,20.27,2.16,3.18,Spiral
GLX0225,20.46,19.02,0.0626,0.539,0.422,20.13,2.09,2.09,Spiral
GLX0226,21.99,12.52,0.0245,0.778,0.256,18.91,3.01,3.18,Spiral
GLX0227,23.36,17.34,0.0578,0.833,0.558,20.15,4.51,0.68,Elliptical
GLX0228,19.78,10.54,0.001,0.557,0.178,18.36,2.77,2.89,Spiral
GLX0229,22.29,13.89,0.048,0.741,0.268,19.34,2.47,5.73,Spiral
GLX0230,22.67,2.8,0.0227,0.657,0.432,20.02,1.11,0.93,Irregular
GLX0231,20.61,20.73,0.0449,0.475,0.488,18.77,2.66,3.93,Spiral
GLX0232,19.87,9.06,0.0757,0.585,0.512,19.68,3.19,0.6,Elliptical
GLX0233,21.55,3.3,0.0558,0.134,0.611,20.72,1.27,2.29,Irregular
GLX0234,23.07,7.17,0.0352,0.639,0.303,21.46,2.93,1.18,Irregular
GLX0235,21.12,10.18,0.0724,0.758,0.388,21.21,1.59,2.66,Irregular
GLX0236,19.97,16.1,0.0255,0.922,0.737,20.54,3.71,0.57,Elliptical
GLX0237,20.5,18.31,0.0794,0.957,0.34,20.64,3.46,0.96,Elliptical
GLX0238,23.63,5.0,0.0509,0.618,0.198,22.35,1.64,2.72,Irregular
GLX0239,22.72,13.01,0.0231,0.358,0.431,20.67,1.85,1.6,Irregular
GLX0240,21.58,7.85,0.001,0.37,0.369,21.0,2.19,5.47,Irregular
GLX0241,20.26,19.46,0.0625,0.566,0.311,19.83,2.85,1.92,Spiral
GLX0242,21.95,9.12,0.0083,0.418,0.347,20.52,2.32,1.0,Irregular
GLX0243,21.68,20.54,0.0059,0.328,0.435,20.29,3.02,1.68,Spiral
GLX0244,20.8,14.35,0.1143,0.856,0.572,18.57,3.25,1.27,Elliptical
GLX0245,23.24,9.02,0.0551,0.41,0.314,20.84,2.36,3.24,Irregular
GLX0246,19.66,17.37,0.0651,0.614,0.362,18.89,2.27,5.1,Spiral
GLX0247,21.07,9.27,0.0581,0.934,0.537,21.16,1.83,1.89,Irregular
GLX0248,21.65,19.81,0.0478,0.613,0.757,19.84,2.77,4.43,Spiral
GLX0249,21.06,8.27,0.0518,0.773,0.393,19.45,3.08,0.0,Elliptical
GLX0250,22.15,12.65,0.029,0.402,0.391,20.68,2.17,1.3,Irregular
GLX0251,23.82,4.13,0.0618,0.41,0.405,22.32,2.51,1.15,Irregular
GLX0252,21.66,15.87,0.0444,0.54,0.399,20.23,3.1,3.15,Spiral
GLX0253,23.04,16.15,0.0467,0.588,0.234,20.31,2.78,4.41,Spiral
GLX0254,21.21,15.0,0.0491,0.456,0.377,20.9,2.34,3.13,Spiral
GLX0255,25.13,10.13,0.053,0.722,0.313,20.83,1.89,2.82,Irregular
GLX0256,20.12,7.49,0.0546,0.725,0.495,16.48,3.51,0.72,Elliptical
GLX0257,21.87,16.63,0.0379,0.453,0.417,20.3,2.67,0.75,Spiral
GLX0258,19.82,10.64,0.0936,0.749,0.64,17.88,3.87,0.91,Elliptical
GLX0259,20.78,13.17,0.0138,0.729,0.155,20.88,3.37,2.57,Irregular
GLX0260,20.97,8.24,0.0534,0.53,0.318,23.03,1.2,1.7,Irregular
GLX0261,21.66,4.95,0.0509,0.32,0.263,18.57,2.13,0.54,Irregular
GLX0262,17.74,4.97,0.0235,0.65,0.327,21.21,2.08,3.67,Irregular
GLX0263,18.48,20.68,0.0824,0.855,0.752,18.12,3.63,0.95,Elliptical
GLX0264,21.69,19.38,0.0486,0.713,0.621,18.07,3.56,0.0,Elliptical
GLX0265,19.44,17.06,0.0581,0.682,0.697,19.44,2.21,3.65,Spiral
GLX0266,23.12,11.57,0.026,0.498,0.425,21.44,2.54,3.24,Irregular
GLX0267,22.09,15.89,0.1005,0.626,0.588,21.01,2.63,3.16,Spiral
GLX0268,22.7,9.04,0.0296,0.303,0.614,21.37,1.0,0.13,Irregular
GLX0269,22.87,6.96,0.0821,0.355,0.045,21.29,2.69,0.0,Irregular
GLX0270,21.46,13.06,0.0716,0.825,0.598,18.63,3.66,0.0,Elliptical
GLX0271,21.08,16.4,0.0545,0.804,0.48,17.55,3.17,0.96,Elliptical
GLX0272,19.92,2.07,0.1109,0.923,0.699,16.83,3.36,1.04,Elliptical
GLX0273,19.24,20.91,0.0749,0.966,0.336,17.32,4.42,0.02,Elliptical
GLX0274,23.87,17.34,0.0575,0.405,0.298,19.49,2.13,4.57,Spiral
GLX0275,17.37,11.67,0.0946,0.839,0.374,19.57,2.96,0.01,Elliptical
GLX0276,19.78,20.29,0.1199,0.61,0.373,18.79,4.14,0.35,Elliptical
GLX0277,19.84,18.2,0.0624,0.517,0.406,18.36,1.91,3.41,Spiral
GLX0278,21.76,7.29,0.0527,0.593,0.67,20.32,1.89,2.78,Irregular
GLX0279,20.84,14.98,0.057,0.446,0.557,20.05,2.02,5.19,Spiral
GLX0280,20.05,12.92,0.0711,0.235,0.244,22.09,2.06,0.64,Irregular
GLX0281,21.6,24.39,0.044,0.635,0.424,20.27,2.68,1.17,Spiral
GLX0282,21.55,1.0,0.0284,0.018,0.271,20.42,1.77,1.88,Irregular
GLX0283,22.33,5.75,0.0431,0.633,0.277,20.51,1.83,4.43,Irregular
GLX0284,19.08,10.17,0.0457,0.722,0.435,18.84,4.33,0.54,Elliptical
GLX0285,19.89,17.5,0.0862,0.772,0.557,18.6,2.6,0.18,Elliptical
GLX0286,19.89,13.43,0.0523,0.841,0.467,21.27,3.36,4.79,Irregular
GLX0287,20.52,7.66,0.0129,0.658,0.311,20.97,1.71,1.99,Irregular
GLX0288,19.34,18.36,0.0721,1.035,0.698,18.38,4.14,0.45,Elliptical
GLX0289,18.87,12.22,0.0979,0.726,0.147,18.4,3.27,0.89,Elliptical
GLX0290,20.7,7.4,0.0824,1.033,0.468,17.9,3.73,0.14,Elliptical
GLX0291,20.94,15.37,0.035,0.63,0.413,18.77,2.71,2.18,Spiral
GLX0292,22.09,18.57,0.0542,0.618,0.5,18.9,2.7,3.65,Spiral
GLX0293,22.14,15.01,0.0349,0.056,0.688,20.09,1.4,0.21,Irregular
GLX0294,19.05,15.61,0.0325,0.906,0.59,18.85,3.83,0.74,Elliptical
GLX0295,22.19,15.58,0.0248,0.586,0.474,20.11,2.75,4.44,Spiral
GLX0296,17.88,13.73,0.0857,0.845,0.407,18.07,3.34,1.04,Elliptical
GLX0297,21.24,5.57,0.0226,0.192,0.387,20.55,2.73,2.25,Irregular
GLX0298,21.68,12.09,0.0395,0.663,0.328,21.59,2.65,4.13,Spiral
GLX0299,23.28,22.67,0.0796,0.352,0.465,18.36,3.02,2.86,Spiral
GLX0300,22.77,17.09,0.064,0.611,0.609,20.37,2.42,0.95,Spiral
GLX0301,22.74,13.45,0.0328,0.592,0.471,21.0,2.58,4.61,Irregular
GLX0302,20.02,6.55,0.0393,0.982,0.526,18.38,3.1,0.59,Elliptical
GLX0303,21.3,17.37,0.0394,0.549,0.384,19.06,2.34,1.75,Spiral
GLX0304,21.33,13.02,0.0553,0.836,0.566,16.45,4.84,1.08,Elliptical
GLX0305,21.91,8.24,0.0154,0.166,0.931,22.33,1.96,0.0,Irregular
GLX0306,20.34,18.46,0.0109,0.625,0.316,19.56,2.68,4.03,Spiral
GLX0307,21.63,6.73,0.0157,0.468,0.452,21.3,1.43,1.36,Irregular
GLX0308,22.0,15.51,0.0987,0.819,0.472,19.04,3.81,0.46,Elliptical
GLX0309,20.21,9.9,0.096,0.923,0.639,17.27,4.45,0.34,Elliptical
GLX0310,22.79,13.1,0.0367,0.516,0.465,19.58,1.71,1.92,Irregular
GLX0311,21.15,19.91,0.0274,0.534,0.144,22.09,2.69,4.58,Spiral
GLX0312,20.34,22.35,0.0402,0.534,0.341,19.86,3.0,3.48,Spiral
GLX0313,22.19,7.15,0.0433,1.252,0.655,17.32,3.08,1.28,Elliptical
GLX0314,23.29,21.92,0.0786,0.715,0.407,20.42,2.03,3.48,Spiral
GLX0315,24.61,7.65,0.0182,0.272,0.499,20.84,1.93,0.0,Irregular
GLX0316,22.54,15.67,0.0375,0.679,0.303,19.81,2.8,2.54,Spiral
GLX0317,21.82,14.18,0.0432,0.546,0.359,19.72,2.14,3.01,Spiral
GLX0318,22.93,23.29,0.036,0.639,0.521,20.14,2.31,2.17,Spiral
GLX0319,20.47,21.64,0.0447,0.844,0.606,18.12,3.28,0.56,Elliptical
GLX0320,19.79,22.63,0.052,0.647,0.396,20.22,2.68,1.47,Spiral
GLX0321,19.36,12.51,0.0723,0.877,0.665,19.21,2.55,0.0,Elliptical
GLX0322,22.52,4.25,0.0154,0.767,0.589,18.94,1.35,1.18,Irregular
GLX0323,21.23,9.32,0.0471,0.523,0.401,20.99,2.77,5.1,Irregular
GLX0324,22.94,15.46,0.0478,0.428,0.166,19.66,3.02,4.45,Spiral
GLX0325,21.58,15.23,0.0311,0.353,0.443,19.75,2.49,3.16,Spiral
GLX0326,20.84,17.71,0.0491,0.571,0.288,19.57,2.36,4.76,Spiral
GLX0327,21.66,21.28,0.0365,0.415,0.307,19.19,2.12,3.42,Spiral
GLX0328,20.07,18.55,0.0306,0.736,0.588,15.82,4.26,0.68,Elliptical
GLX0329,21.95,5.44,0.0241,0.425,0.01,21.21,1.82,4.83,Irregular
GLX0330,23.23,17.95,0.0497,0.705,0.378,19.44,2.59,1.45,Spiral
GLX0331,22.47,13.8,0.051,0.86,0.547,18.85,2.83,2.99,Spiral
GLX0332,22.52,7.54,0.0721,0.316,0.453,20.32,2.14,3.47,Irregular
GLX0333,20.09,11.72,0.0528,0.912,0.701,20.06,3.53,0.44,Elliptical
GLX0334,20.45,9.84,0.0721,0.592,0.458,21.0,2.32,0.63,Irregular
GLX0335,20.81,5.23,0.0556,0.658,0.425,19.23,1.22,2.93,Irregular
GLX0336,20.91,7.92,0.0818,1.005,0.645,21.12,4.62,0.12,Elliptical
GLX0337,22.82,11.29,0.0418,0.551,0.161,20.1,1.87,4.13,Spiral
GLX0338,21.66,17.21,0.0682,0.791,0.309,18.72,3.33,0.65,Elliptical
GLX0339,21.18,20.75,0.0996,0.489,0.373,21.02,2.55,4.84,Spiral
GLX0340,19.85,17.76,0.0518,0.625,0.538,19.71,2.28,1.57,Spiral
GLX0341,22.31,12.42,0.0861,0.613,0.22,18.96,2.8,4.07,Spiral
GLX0342,20.59,14.59,0.0065,0.883,0.675,16.23,3.98,0.95,Elliptical
GLX0343,19.39,12.1,0.0442,0.504,0.47,19.84,2.27,0.15,Irregular
GLX0344,24.0,17.88,0.0282,0.344,0.151,20.1,1.89,1.22,Spiral
GLX0345,20.15,4.86,0.0664,0.542,0.686,21.84,1.7,1.35,Irregular
GLX0346,23.61,23.74,0.0153,0.605,0.434,20.04,3.04,3.73,Spiral
GLX0347,24.74,19.82,0.021,0.804,0.415,18.59,2.48,0.95,Spiral
GLX0348,22.64,6.85,0.0688,0.388,0.32,21.12,2.85,0.1,Irregular
GLX0349,21.92,13.71,0.07,0.397,0.582,20.03,3.1,0.01,Spiral
GLX0350,19.77,8.03,0.089,0.77,0.382,17.18,3.6,0.54,Elliptical
GLX0351,23.92,6.4,0.0496,0.314,0.47,19.62,2.12,3.59,Irregular
GLX0352,20.52,15.85,0.0963,0.942,0.655,18.54,3.23,0.71,Elliptical
GLX0353,22.87,3.79,0.054,0.398,0.472,20.38,2.0,2.23,Irregular
GLX0354,18.92,10.73,0.1156,0.597,0.277,17.16,4.11,0.52,Elliptical
GLX0355,20.75,2.11,0.0259,0.693,0.825,19.72,3.9,1.04,Elliptical
GLX0356,19.62,10.88,0.0374,0.793,0.143,21.37,1.0,0.96,Irregular
GLX0357,20.79,17.53,0.0431,0.988,0.274,17.9,4.02,0.24,Elliptical
GLX0358,21.53,10.33,0.005,0.574,0.545,20.75,1.43,0.0,Irregular
GLX0359,23.39,17.92,0.0103,0.776,0.479,19.86,2.3,3.52,Spiral
GLX0360,21.35,3.57,0.0885,1.088,0.727,17.03,3.03,0.25,Elliptical
GLX0361,21.12,10.29,0.0295,0.412,0.45,20.93,2.53,3.79,Spiral
GLX0362,22.27,12.23,0.027,0.896,0.484,22.72,1.88,0.0,Irregular
GLX0363,19.34,14.59,0.1341,0.839,0.376,20.01,2.83,0.11,Elliptical
GLX0364,20.52,12.82,0.0736,0.652,0.807,20.01,4.84,0.47,Elliptical
GLX0365,16.92,7.71,0.0721,0.938,0.767,18.88,4.11,0.73,Elliptical
GLX0366,21.93,11.42,0.0621,0.824,0.576,20.9,3.33,0.2,Elliptical
GLX0367,19.91,20.93,0.0497,0.677,0.469,17.61,4.27,0.33,Elliptical
GLX0368,21.57,18.32,0.0562,0.341,0.295,21.11,2.55,4.21,Spiral
GLX0369,23.83,6.33,0.04,0.698,0.38,20.71,2.49,3.77,Irregular
GLX0370,20.15,19.53,0.0163,0.527,0.343,22.21,3.28,2.89,Spiral
GLX0371,21.89,8.74,0.0399,0.342,0.485,18.38,2.26,4.58,Irregular
GLX0372,20.42,19.97,0.0446,0.47,0.284,21.36,2.74,2.86,Spiral
GLX0373,23.13,5.21,0.0576,0.188,0.484,22.53,1.96,1.81,Irregular
GLX0374,18.79,12.37,0.065,0.715,0.638,19.74,2.93,0.25,Elliptical
GLX0375,21.56,15.87,0.0537,0.633,0.604,19.47,3.07,2.22,Elliptical
GLX0376,21.11,18.83,0.0525,0.803,0.388,18.32,4.32,1.12,Elliptical
GLX0377,21.43,11.74,0.0782,0.899,0.652,17.76,3.94,0.32,Elliptical
GLX0378,25.94,14.55,0.0146,1.128,0.055,20.17,2.09,0.87,Irregular
GLX0379,19.56,22.47,0.0516,0.578,0.12,18.77,3.04,5.07,Spiral
GLX0380,19.2,15.21,0.029,0.645,0.604,20.0,2.59,2.96,Spiral
GLX0381,21.97,18.88,0.0137,0.751,0.269,18.77,3.06,5.6,Spiral
GLX0382,22.71,15.48,0.0319,0.749,0.563,19.41,2.77,1.77,Spiral
GLX0383,23.03,12.85,0.0884,0.746,0.42,19.06,3.07,0.0,Elliptical
GLX0384,21.93,13.93,0.0495,0.602,0.714,20.79,2.59,2.33,Spiral
GLX0385,21.85,1.41,0.0794,0.357,0.359,18.48,2.48,0.0,Irregular
GLX0386,18.76,15.11,0.0463,0.833,0.6,17.16,2.92,0.68,Elliptical
GLX0387,23.01,16.1,0.0358,0.407,0.328,20.23,2.66,4.07,Spiral
GLX0388,18.53,2.71,0.0755,0.519,0.416,21.86,1.24,4.15,Irregular
GLX0389,23.17,8.71,0.0486,0.313,0.172,21.42,2.5,1.65,Irregular
GLX0390,23.23,20.23,0.0341,0.516,0.53,19.3,3.2,0.87,Spiral
GLX0391,18.27,20.59,0.0456,1.018,0.356,17.76,3.89,0.28,Elliptical
GLX0392,19.13,8.6,0.0625,0.799,0.62,20.13,3.63,1.29,Elliptical
GLX0393,19.69,14.81,0.0561,0.777,0.399,19.95,4.05,0.8,Elliptical
GLX0394,22.04,15.65,0.0223,0.658,0.29,22.37,3.33,3.59,Spiral
GLX0395,20.28,7.37,0.0371,0.928,0.54,17.15,3.49,0.87,Elliptical
GLX0396,19.69,18.11,0.1046,0.821,0.523,19.29,2.99,0.66,Elliptical
GLX0397,21.22,13.05,0.0188,0.701,0.308,19.62,2.21,2.69,Irregular
GLX0398,19.04,20.15,0.0625,0.503,0.429,20.26,2.24,3.11,Spiral
GLX0399,23.75,5.03,0.0821,0.477,0.143,22.11,1.81,1.38,Irregular
GLX0400,20.78,19.8,0.0489,0.525,0.497,20.12,2.67,3.47,Spiral
GLX0401,22.29,9.95,0.0613,0.313,0.11,22.24,2.12,4.3,Irregular
GLX0402,20.68,10.18,0.0765,0.975,0.95,18.22,3.96,0.33,Elliptical
GLX0403,19.8,7.47,0.0328,0.712,0.832,19.7,2.57,1.06,Elliptical
GLX0404,20.87,16.45,0.0737,0.836,0.701,17.86,4.3,0.64,Elliptical
GLX0405,21.28,12.09,0.0517,0.908,0.552,19.19,2.66,0.47,Elliptical
GLX0406,17.83,8.33,0.0381,0.793,0.656,19.27,3.28,0.73,Elliptical
GLX0407,19.35,23.91,0.0548,0.848,0.732,18.47,4.43,0.0,Elliptical
GLX0408,20.88,13.84,0.0726,0.945,0.79,19.67,4.0,0.25,Elliptical
GLX0409,20.22,16.59,0.0699,0.819,0.452,17.87,4.22,1.06,Elliptical
GLX0410,20.34,22.22,0.0511,0.581,0.447,20.42,2.67,2.04,Spiral
GLX0411,19.86,20.6,0.0661,0.775,0.534,21.27,1.63,5.08,Spiral
GLX0412,22.92,11.81,0.0375,0.471,0.444,21.23,2.07,3.24,Irregular
GLX0413,20.67,18.13,0.0573,0.694,0.523,21.07,2.12,2.36,Spiral
GLX0414,21.15,25.68,0.03,0.332,0.398,20.48,2.11,4.1,Spiral
GLX0415,21.08,11.28,0.0592,0.834,0.082,20.16,2.74,3.65,Spiral
GLX0416,20.69,12.16,0.0821,0.773,0.182,19.38,3.17,0.87,Elliptical
GLX0417,21.52,22.18,0.0611,0.723,0.172,19.73,2.93,4.61,Spiral
GLX0418,20.99,20.89,0.0789,0.435,0.292,20.43,2.07,4.54,Spiral
GLX0419,22.74,7.45,0.0304,0.493,0.221,19.77,2.03,2.83,Irregular
GLX0420,19.22,9.63,0.0705,0.786,0.677,20.42,4.26,1.01,Elliptical
GLX0421,21.94,6.66,0.0193,0.637,0.082,22.02,1.63,0.24,Irregular
GLX0422,20.49,8.68,0.0556,0.738,0.602,19.0,3.12,0.71,Elliptical
GLX0423,20.44,13.4,0.0684,0.736,0.428,22.0,3.17,2.17,Spiral
GLX0424,22.25,4.34,0.0563,0.501,0.528,20.56,1.42,0.0,Irregular
GLX0425,21.52,10.57,0.0325,0.724,0.296,20.78,2.19,4.07,Irregular
GLX0426,20.76,15.83,0.0366,0.502,0.199,18.62,3.07,2.88,Spiral
GLX0427,21.64,12.28,0.0337,0.58,0.325,17.3,2.91,4.78,Spiral
GLX0428,22.69,25.48,0.0871,0.539,0.612,21.34,3.5,4.62,Spiral
GLX0429,20.43,10.19,0.0404,0.54,0.381,21.1,3.16,6.16,Irregular
GLX0430,21.24,20.58,0.0405,0.487,0.342,20.04,2.33,4.96,Spiral
GLX0431,23.24,19.8,0.0665,0.575,0.32,18.65,3.23,2.68,Spiral
GLX0432,21.2,12.56,0.0619,0.766,0.52,18.7,4.34,1.15,Elliptical
GLX0433,23.92,13.24,0.055,0.485,0.41,21.52,2.83,2.23,Irregular
GLX0434,18.89,6.76,0.0294,1.049,0.408,20.21,3.62,0.94,Elliptical
GLX0435,21.29,3.05,0.057,0.473,0.156,19.56,1.67,1.67,Irregular
GLX0436,20.0,15.49,0.0857,0.787,0.402,18.15,4.63,0.0,Elliptical
GLX0437,20.46,15.91,0.0689,0.755,0.369,20.42,2.13,4.74,Spiral
GLX0438,22.08,13.78,0.0392,0.452,0.344,20.84,3.41,3.59,Spiral
GLX0439,23.29,12.77,0.0468,0.579,0.425,19.98,2.44,2.08,Irregular
GLX0440,22.25,15.37,0.0799,0.619,0.197,19.96,3.25,7.49,Spiral
GLX0441,20.45,14.4,0.0779,0.59,0.621,20.35,2.7,0.01,Elliptical
GLX0442,21.05,17.14,0.0674,0.865,0.418,19.51,4.01,0.7,Elliptical
GLX0443,20.72,18.91,0.0108,0.839,0.835,16.92,3.5,0.35,Elliptical
GLX0444,19.91,12.67,0.0596,0.97,0.763,18.13,3.06,0.55,Elliptical
GLX0445,20.88,16.22,0.0748,0.83,0.202,18.65,3.42,0.3,Elliptical
GLX0446,20.09,20.09,0.0459,0.132,0.31,20.02,2.74,4.46,Spiral
GLX0447,22.83,8.28,0.0337,0.376,0.445,19.04,2.46,2.46,Irregular
GLX0448,18.81,9.34,0.0154,1.147,0.447,17.71,2.88,0.0,Elliptical
GLX0449,17.9,7.44,0.0468,0.93,0.694,19.75,3.13,0.76,Elliptical
GLX0450,20.44,8.91,0.0793,0.779,0.426,20.41,3.04,0.92,Elliptical
GLX0451,20.4,21.95,0.0294,0.425,0.412,19.54,2.58,2.47,Spiral
GLX0452,25.09,7.78,0.0379,0.451,0.36,20.55,1.73,1.65,Irregular
GLX0453,19.15,9.26,0.0609,0.791,0.276,19.79,2.92,0.66,Elliptical
GLX0454,21.43,11.62,0.0491,0.19,0.542,20.08,2.04,1.94,Irregular
GLX0455,19.81,14.35,0.0445,0.598,0.541,20.11,2.41,2.71,Spiral
GLX0456,19.9,13.74,0.047,0.823,0.852,19.79,3.49,0.7,Elliptical
GLX0457,20.39,24.49,0.001,0.429,0.393,20.92,2.45,4.33,Spiral
GLX0458,21.77,15.43,0.0666,0.647,0.219,17.65,2.05,3.59,Spiral
GLX0459,24.3,11.01,0.0607,0.462,0.584,19.88,2.13,2.8,Irregular
GLX0460,22.0,18.21,0.0262,0.68,0.167,18.01,2.94,2.66,Spiral
GLX0461,20.01,15.61,0.0122,0.673,0.478,18.8,2.17,3.11,Spiral
GLX0462,20.11,15.52,0.0755,0.73,0.358,17.23,4.86,0.97,Elliptical
GLX0463,18.03,14.88,0.003,0.949,0.0,18.28,4.01,1.45,Elliptical
GLX0464,20.21,15.14,0.0556,0.858,0.589,17.11,3.57,0.47,Elliptical
GLX0465,22.57,5.06,0.0701,0.487,0.075,20.86,2.79,2.94,Irregular
GLX0466,22.7,8.3,0.0164,0.323,0.509,22.83,2.78,0.0,Irregular
GLX0467,22.72,15.62,0.0332,0.595,0.277,19.74,1.55,3.73,Spiral
GLX0468,19.88,13.84,0.108,0.482,0.537,19.59,3.92,0.82,Elliptical
GLX0469,21.51,15.64,0.0652,0.516,0.312,21.0,2.87,4.91,Spiral
GLX0470,19.79,18.96,0.0861,0.899,0.308,16.04,3.57,0.26,Elliptical
GLX0471,22.11,14.98,0.0572,0.828,0.629,18.3,3.11,0.25,Elliptical
GLX0472,20.54,2.89,0.064,0.835,0.81,21.98,1.88,1.87,Irregular
GLX0473,18.82,22.04,0.0527,0.695,0.381,19.1,3.66,0.86,Elliptical
GLX0474,20.5,13.36,0.0619,0.438,0.352,18.32,2.67,2.45,Spiral
GLX0475,19.77,21.47,0.0618,0.803,0.31,21.31,2.9,2.29,Spiral
GLX0476,20.49,11.79,0.0225,0.264,0.061,19.53,1.78,3.33,Irregular
GLX0477,19.64,12.96,0.1088,0.91,0.513,18.69,3.81,0.29,Elliptical
GLX0478,21.11,24.73,0.0189,0.21,0.318,22.4,2.55,4.23,Spiral
GLX0479,20.91,15.23,0.0664,1.095,0.573,16.93,4.65,1.69,Elliptical
GLX0480,18.34,19.4,0.0293,0.583,0.169,20.67,2.24,1.87,Spiral
GLX0481,20.32,12.3,0.0742,0.831,0.698,17.44,3.33,0.0,Elliptical
GLX0482,22.3,11.75,0.001,0.568,0.261,18.3,2.09,1.86,Irregular
GLX0483,20.43,18.3,0.0726,0.683,0.468,17.73,3.3,1.99,Elliptical
GLX0484,22.12,17.65,0.0253,0.637,0.275,20.64,2.87,0.91,Spiral
GLX0485,21.71,16.15,0.0803,0.815,0.152,17.44,3.72,0.77,Elliptical
GLX0486,22.48,16.53,0.0516,0.585,0.158,18.65,1.62,0.41,Irregular
GLX0487,23.18,9.46,0.0304,0.432,0.153,21.35,1.91,2.51,Irregular
GLX0488,23.8,26.84,0.0462,0.553,0.201,20.19,2.11,2.76,Spiral
GLX0489,20.83,15.26,0.0513,0.561,0.395,20.72,3.06,3.33,Spiral
GLX0490,21.06,17.94,0.0544,0.84,0.488,19.1,2.43,4.69,Spiral
GLX0491,22.71,14.16,0.0128,0.23,0.651,22.64,2.09,2.66,Irregular
GLX0492,21.87,5.56,0.057,0.73,0.325,19.44,1.83,2.01,Irregular
GLX0493,20.61,26.32,0.0617,0.574,0.203,19.89,3.07,6.09,Spiral
GLX0494,21.04,4.27,0.0792,0.808,0.876,19.38,3.61,0.55,Elliptical
GLX0495,22.88,18.5,0.0377,0.651,0.334,20.09,1.39,0.62,Spiral
GLX0496,20.82,19.17,0.0631,0.703,0.307,19.19,2.32,4.02,Spiral
GLX0497,21.18,13.69,0.0418,0.822,0.663,17.33,3.63,0.15,Elliptical
GLX0498,18.31,9.89,0.0607,0.523,0.441,18.9,3.54,1.59,Elliptical
GLX0499,22.3,9.54,0.0693,1.05,0.578,18.14,4.05,1.01,Elliptical
GLX0500,20.57,13.36,0.056,0.743,0.307,18.19,2.42,5.14,Spiral
GLX0501,20.74,21.46,0.0642,0.469,0.684,20.49,2.24,2.05,Spiral
GLX0502,20.39,24.73,0.0791,0.537,0.411,18.06,2.93,2.21,Spiral
GLX0503,20.84,7.32,0.0551,0.959,0.567,23.13,1.81,2.09,Irregular
GLX0504,19.82,17.09,0.0843,0.915,0.751,18.8,2.99,0.68,Elliptical
GLX0505,20.97,14.5,0.0541,0.838,0.366,21.43,2.97,3.04,Spiral
GLX0506,18.07,17.86,0.0703,0.843,0.258,18.86,3.54,1.08,Elliptical
GLX0507,23.82,15.68,0.0421,0.48,0.176,20.24,2.57,0.61,Irregular
GLX0508,21.94,17.13,0.0365,0.602,0.704,21.81,3.02,2.12,Spiral
GLX0509,21.48,18.02,0.0464,0.866,0.573,19.95,2.49,0.21,Elliptical
GLX0510,20.81,9.21,0.1014,1.0,0.667,18.45,3.14,0.0,Elliptical
GLX0511,22.17,15.74,0.0391,0.75,0.426,19.29,2.82,2.07,Spiral
GLX0512,20.98,10.51,0.0634,0.333,0.405,21.75,1.51,1.37,Irregular
GLX0513,21.29,6.67,0.001,0.289,0.926,20.99,3.0,4.31,Irregular
GLX0514,20.19,17.62,0.038,0.43,0.296,19.22,2.0,3.64,Spiral
GLX0515,21.86,8.05,0.0647,0.559,0.129,22.14,1.89,0.35,Irregular
GLX0516,20.26,20.55,0.0525,0.398,0.487,21.24,2.08,2.46,Spiral
GLX0517,21.83,15.15,0.0527,0.569,0.381,20.74,2.05,3.66,Irregular
GLX0518,16.48,9.52,0.0911,0.73,0.195,17.76,3.56,0.0,Elliptical
GLX0519,21.52,12.35,0.0884,0.994,0.472,18.63,4.23,1.0,Elliptical
GLX0520,23.34,9.65,0.0478,0.507,0.631,21.8,1.31,1.24,Irregular
GLX0521,20.33,23.48,0.0665,0.798,0.463,19.15,3.25,0.52,Elliptical
GLX0522,19.92,13.97,0.0348,0.684,0.387,20.04,2.55,1.39,Irregular
GLX0523,20.75,3.08,0.0343,1.102,0.134,19.22,1.89,2.01,Irregular
GLX0524,20.23,10.56,0.0194,0.829,0.548,20.43,2.6,3.93,Spiral
GLX0525,21.17,24.75,0.0243,0.606,0.197,19.65,1.93,6.21,Spiral
GLX0526,19.49,11.57,0.0377,0.812,0.339,18.62,3.47,1.02,Elliptical
GLX0527,25.69,7.1,0.0203,0.44,0.418,22.6,1.7,5.13,Irregular
GLX0528,21.23,9.12,0.0674,0.535,0.534,21.05,3.79,1.13,Elliptical
GLX0529,18.97,18.32,0.0369,0.866,0.44,17.53,3.41,0.0,Elliptical
GLX0530,19.87,20.76,0.1041,1.053,0.859,18.5,4.12,1.33,Elliptical
GLX0531,20.18,12.13,0.0526,0.575,0.447,23.42,1.95,1.35,Irregular
GLX0532,24.01,7.43,0.0289,0.752,0.356,19.98,1.91,7.2,Irregular
GLX0533,21.3,20.35,0.0133,0.489,0.544,18.7,2.35,2.87,Spiral
GLX0534,24.29,10.02,0.0475,0.49,0.25,21.12,1.91,0.44,Irregular
GLX0535,21.36,5.57,0.0093,0.504,0.225,20.82,2.54,5.14,Irregular
GLX0536,21.17,11.73,0.0602,0.566,0.739,21.4,2.06,2.32,Irregular
GLX0537,21.54,6.69,0.0174,0.38,0.586,21.95,1.66,5.18,Irregular
GLX0538,18.91,18.35,0.0852,0.795,0.53,19.86,3.96,0.77,Elliptical
GLX0539,21.38,15.47,0.0298,0.242,0.326,20.85,2.51,4.98,Irregular
GLX0540,22.13,16.57,0.04,0.701,0.513,18.83,3.04,2.22,Spiral
GLX0541,22.9,8.3,0.0389,0.618,0.814,19.4,1.46,2.26,Irregular
GLX0542,20.44,18.89,0.0496,0.457,0.308,19.44,2.72,4.32,Spiral
GLX0543,22.32,15.41,0.0798,0.498,0.184,17.34,1.99,2.69,Spiral
GLX0544,22.1,11.11,0.0726,0.318,0.611,21.41,1.28,4.1,Irregular
GLX0545,21.74,13.79,0.0289,0.653,0.436,21.73,1.18,2.65,Irregular
GLX0546,23.06,7.01,0.0117,0.131,0.39,21.21,1.61,0.0,Irregular
GLX0547,18.61,1.0,0.0362,0.765,0.024,22.09,2.81,3.9,Irregular
GLX0548,23.28,5.49,0.023,0.372,0.803,21.96,2.07,1.24,Irregular
GLX0549,20.35,14.51,0.0799,1.006,0.558,18.61,3.23,0.0,Elliptical
GLX0550,22.75,14.15,0.0575,0.558,0.288,20.39,2.47,1.07,Irregular
GLX0551,25.53,16.66,0.0203,0.494,0.466,18.25,2.34,3.13,Irregular
GLX0552,19.16,18.77,0.0624,0.926,0.336,17.13,3.76,0.26,Elliptical
GLX0553,20.48,17.02,0.0358,0.693,0.423,19.85,2.59,1.71,Spiral
GLX0554,22.23,4.95,0.0442,0.084,0.606,22.14,1.73,3.86,Irregular
GLX0555,20.17,19.08,0.0387,0.499,0.0,21.18,3.3,5.29,Spiral
GLX0556,20.96,17.6,0.053,0.628,0.342,19.69,2.52,4.02,Spiral
GLX0557,22.01,22.12,0.0436,0.728,0.312,19.4,2.08,2.87,Spiral
GLX0558,23.45,2.08,0.0448,0.406,0.843,20.26,2.22,2.21,Irregular
GLX0559,20.79,12.88,0.0264,0.891,0.442,20.24,3.46,0.74,Elliptical
GLX0560,19.76,13.95,0.0524,0.662,0.263,19.95,3.28,0.01,Spiral
GLX0561,17.82,22.88,0.0322,0.987,0.426,18.58,3.73,0.64,Elliptical
GLX0562,20.0,7.37,0.0615,0.31,0.31,24.28,1.47,2.52,Irregular
GLX0563,24.02,13.23,0.0517,0.254,0.249,20.47,1.99,0.0,Irregular
GLX0564,17.21,11.72,0.0511,0.384,0.265,21.34,2.01,0.0,Irregular
GLX0565,21.71,15.28,0.0263,0.613,0.163,19.32,2.5,1.49,Spiral
GLX0566,22.54,26.8,0.0505,0.62,0.122,19.43,3.19,3.28,Spiral
GLX0567,21.93,25.7,0.015,0.713,0.358,19.89,2.76,2.45,Spiral
GLX0568,22.24,11.55,0.0239,0.637,0.468,22.05,1.41,0.0,Irregular
GLX0569,20.97,6.43,0.0394,0.422,0.508,20.27,1.97,0.9,Irregular
GLX0570,19.72,16.19,0.0911,0.792,0.63,17.43,3.05,0.47,Elliptical
GLX0571,22.96,19.27,0.0686,1.054,0.669,19.42,4.07,0.0,Elliptical
GLX0572,20.93,8.0,0.0215,0.774,0.399,22.46,1.82,0.0,Irregular
GLX0573,21.12,21.51,0.043,0.41,0.516,19.07,2.7,5.18,Spiral
GLX0574,24.07,12.75,0.051,0.418,0.256,18.52,2.84,0.96,Spiral
GLX0575,20.95,11.11,0.0653,0.391,0.468,22.02,2.38,2.92,Irregular
GLX0576,18.28,6.0,0.0556,0.133,0.606,20.61,1.42,3.54,Irregular
GLX0577,18.16,11.61,0.0684,0.738,0.338,18.95,4.93,1.51,Elliptical
GLX0578,19.9,5.08,0.0769,0.814,0.269,17.4,2.83,0.03,Elliptical
GLX0579,20.62,17.4,0.1095,0.761,0.337,20.77,2.79,1.56,Elliptical
GLX0580,21.57,7.9,0.0138,0.429,0.362,20.36,1.6,2.86,Irregular
GLX0581,19.69,14.08,0.044,1.092,0.2,19.32,4.15,0.04,Elliptical
GLX0582,19.92,16.47,0.0448,0.785,0.296,18.59,2.91,0.0,Elliptical
GLX0583,19.59,1.11,0.0262,-0.01,0.542,21.83,1.95,3.11,Irregular
GLX0584,24.15,9.02,0.0653,0.532,0.471,23.21,2.29,0.22,Irregular
GLX0585,23.43,8.78,0.0169,0.606,0.33,20.67,1.33,4.16,Irregular
GLX0586,22.21,18.02,0.001,0.605,0.147,21.23,2.52,4.38,Spiral
GLX0587,20.96,9.83,0.0728,0.845,0.753,18.63,3.71,0.43,Elliptical
GLX0588,21.15,21.03,0.0836,0.31,0.52,20.66,2.54,4.05,Spiral
GLX0589,20.53,17.51,0.0519,0.611,0.689,18.08,3.76,0.0,Elliptical
GLX0590,18.83,13.64,0.0481,0.866,0.637,19.7,2.74,0.25,Elliptical
GLX0591,20.0,20.3,0.0731,0.957,0.756,20.74,3.95,1.0,Elliptical
GLX0592,22.55,10.94,0.0646,0.695,0.582,19.17,2.32,1.48,Irregular
GLX0593,24.3,9.44,0.0379,0.365,0.308,20.96,2.22,4.7,Irregular
GLX0594,19.63,19.29,0.0323,0.635,0.342,18.26,2.26,1.75,Spiral
GLX0595,21.51,10.15,0.0583,0.684,0.268,21.58,1.85,4.95,Irregular
GLX0596,21.88,16.39,0.0586,0.619,0.523,19.83,3.27,3.29,Spiral
GLX0597,22.13,7.14,0.0735,0.725,0.298,19.49,1.12,2.88,Irregular
GLX0598,18.94,10.16,0.0522,0.086,0.356,20.25,2.14,3.33,Irregular
GLX0599,20.58,9.36,0.0377,0.298,0.545,23.45,2.04,2.1,Irregular
GLX0600,20.39,16.4,0.0308,0.744,0.44,19.97,2.84,1.91,Spiral
GLX0601,22.81,14.63,0.0346,0.618,0.691,20.57,2.58,5.58,Spiral
GLX0602,20.52,9.09,0.0336,0.807,0.377,18.04,3.36,0.85,Elliptical
GLX0603,21.75,8.91,0.0143,0.34,0.28,21.76,2.97,1.68,Irregular
GLX0604,18.7,1.0,0.0295,0.491,0.41,22.02,1.55,3.07,Irregular
GLX0605,21.01,9.13,0.0355,0.209,0.542,22.71,1.0,3.85,Irregular
GLX0606,22.76,13.22,0.0357,0.451,0.396,20.7,1.05,0.13,Irregular
GLX0607,19.68,15.32,0.0554,0.948,0.564,19.05,3.58,0.0,Elliptical
GLX0608,20.55,16.38,0.0547,0.657,0.265,20.43,2.32,1.94,Spiral
GLX0609,20.39,12.72,0.024,0.122,0.065,19.52,2.0,0.15,Irregular
GLX0610,21.31,21.38,0.0416,0.781,0.107,18.49,1.93,1.82,Spiral
GLX0611,18.61,10.93,0.0559,0.742,0.748,23.08,1.67,4.23,Irregular
GLX0612,21.44,17.6,0.0523,0.8,0.254,19.22,3.36,0.92,Spiral
GLX0613,22.16,12.8,0.0866,1.112,0.405,19.53,3.94,0.99,Elliptical
GLX0614,20.72,16.42,0.0469,0.599,0.403,19.69,2.72,3.42,Spiral
GLX0615,19.74,11.49,0.0724,0.855,0.677,18.47,3.61,1.69,Elliptical
GLX0616,22.94,17.02,0.0359,0.246,0.336,20.33,2.95,3.06,Spiral
GLX0617,20.59,14.69,0.0775,0.718,0.566,16.61,4.3,0.45,Elliptical
GLX0618,19.98,18.25,0.011,0.497,0.733,19.45,2.41,4.2,Spiral
GLX0619,23.91,1.79,0.0315,0.77,0.358,20.43,2.23,1.11,Irregular
GLX0620,21.94,16.67,0.0663,0.85,0.373,17.39,3.92,0.52,Elliptical
GLX0621,22.08,5.11,0.0305,0.608,0.372,19.77,1.76,4.58,Irregular
GLX0622,22.84,8.23,0.0695,0.569,0.404,21.0,2.2,1.64,Irregular
GLX0623,19.91,19.64,0.084,0.994,0.668,18.71,3.87,0.71,Elliptical
GLX0624,19.58,17.13,0.0337,0.311,0.482,20.8,2.22,2.04,Spiral
GLX0625,19.85,8.72,0.001,0.413,0.248,20.72,1.83,0.92,Irregular
GLX0626,18.36,5.76,0.0661,0.981,0.179,20.41,4.49,1.01,Elliptical
GLX0627,19.81,11.58,0.0895,0.724,0.735,17.23,3.93,0.35,Elliptical
GLX0628,18.82,21.55,0.0392,0.59,0.583,19.86,3.18,3.11,Spiral
GLX0629,21.38,14.06,0.0268,0.995,0.376,18.82,2.51,5.14,Spiral
GLX0630,23.39,10.92,0.0282,-0.191,0.399,21.36,1.98,3.5,Irregular
GLX0631,24.45,13.92,0.066,0.619,0.263,19.76,2.8,4.29,Spiral
GLX0632,20.16,11.85,0.0575,0.842,0.727,20.54,3.58,0.79,Elliptical
GLX0633,21.88,5.19,0.0089,0.525,0.156,19.54,2.06,2.94,Irregular
GLX0634,18.89,12.61,0.0331,0.691,0.439,18.68,3.84,0.0,Elliptical
GLX0635,22.95,9.25,0.0322,0.582,0.27,20.95,1.71,3.16,Irregular
GLX0636,24.71,18.05,0.0261,0.423,0.464,19.07,2.71,5.02,Spiral
GLX0637,18.78,18.28,0.0633,0.823,0.441,20.34,4.09,0.0,Elliptical
GLX0638,19.81,13.34,0.1051,0.766,0.569,17.25,3.49,1.25,Elliptical
GLX0639,21.89,5.28,0.041,0.927,0.589,20.38,2.3,3.29,Spiral
GLX0640,21.14,19.18,0.0393,0.33,0.339,20.34,2.77,3.6,Spiral
GLX0641,21.0,20.39,0.0793,0.722,0.607,16.34,3.46,0.0,Elliptical
GLX0642,20.95,16.32,0.0192,0.683,0.177,19.57,2.16,2.05,Spiral
GLX0643,21.53,20.0,0.0565,0.524,0.435,19.6,2.42,1.77,Spiral
GLX0644,22.61,12.61,0.0614,0.44,0.374,19.95,2.66,1.53,Spiral
GLX0645,19.38,18.3,0.0597,0.404,0.49,18.49,2.67,2.02,Spiral
GLX0646,21.6,14.99,0.0147,0.523,0.474,20.25,2.59,3.37,Spiral
GLX0647,20.42,17.54,0.0659,0.835,0.654,20.62,3.54,0.77,Elliptical
GLX0648,21.92,5.74,0.0455,0.237,0.357,22.28,2.83,4.4,Irregular
GLX0649,19.98,11.88,0.0417,0.184,0.95,20.86,1.88,3.15,Irregular
GLX0650,20.2,16.47,0.0969,0.821,0.495,20.24,3.7,0.0,Elliptical
GLX0651,22.51,13.06,0.0195,0.309,0.178,22.5,1.89,1.14,Irregular
GLX0652,21.75,13.1,0.0054,0.547,0.558,18.48,2.57,2.22,Irregular
GLX0653,18.61,16.37,0.0422,0.747,0.774,20.4,2.51,0.75,Elliptical
GLX0654,21.65,8.29,0.0433,0.999,0.413,17.66,3.82,0.02,Elliptical
GLX0655,21.46,15.57,0.0724,0.481,0.471,19.26,2.27,5.29,Spiral
GLX0656,21.97,16.09,0.0323,0.234,0.507,17.52,1.68,5.44,Spiral
GLX0657,19.22,12.97,0.0547,0.774,0.472,21.56,3.56,0.51,Elliptical
GLX0658,22.16,17.57,0.0696,0.753,0.572,20.5,2.38,3.28,Spiral
GLX0659,22.29,1.0,0.0351,0.061,0.234,22.13,1.18,2.68,Irregular
GLX0660,22.54,7.36,0.0429,0.65,0.441,19.02,2.53,1.77,Irregular
GLX0661,18.97,15.51,0.1144,0.955,0.54,18.09,3.17,1.14,Elliptical
GLX0662,21.69,11.34,0.0685,0.969,0.433,20.13,3.07,0.36,Elliptical
GLX0663,18.62,16.43,0.082,0.926,0.478,18.54,4.33,1.02,Elliptical
GLX0664,19.81,9.84,0.0419,0.745,0.597,18.51,1.81,1.12,Spiral
GLX0665,20.44,19.01,0.0809,0.825,0.509,18.29,3.01,0.72,Elliptical
GLX0666,22.58,17.66,0.0794,0.808,0.572,19.94,3.31,0.0,Elliptical
GLX0667,22.3,6.33,0.0481,0.307,0.494,22.49,2.92,1.39,Irregular
GLX0668,23.75,7.91,0.059,0.564,0.238,19.8,1.43,1.11,Irregular
GLX0669,23.92,4.85,0.0221,0.139,0.354,19.65,1.61,3.28,Irregular
GLX0670,20.33,9.34,0.0449,0.882,0.441,18.34,3.65,0.0,Elliptical
GLX0671,21.53,16.6,0.0177,0.59,0.205,20.11,3.24,3.04,Spiral
GLX0672,23.58,11.97,0.035,0.079,0.215,20.14,1.49,0.0,Irregular
GLX0673,21.49,3.13,0.0541,0.036,0.829,20.3,1.59,3.43,Irregular
GLX0674,23.35,20.55,0.0372,0.665,0.112,19.59,2.83,2.05,Spiral
GLX0675,23.43,19.46,0.0206,0.745,0.423,22.19,3.2,2.09,Spiral
GLX0676,22.03,11.28,0.0329,0.165,0.755,20.78,1.7,6.59,Irregular
GLX0677,22.42,9.95,0.0303,0.712,0.566,20.4,2.48,4.74,Irregular
GLX0678,21.28,12.28,0.0499,0.502,0.31,20.47,2.85,5.28,Spiral
GLX0679,20.14,10.53,0.0792,0.801,0.0,18.72,3.64,1.5,Elliptical
GLX0680,20.81,15.38,0.0956,0.46,0.67,21.21,2.35,3.85,Spiral
GLX0681,19.4,14.8,0.0152,0.933,0.433,20.49,2.94,4.58,Spiral
GLX0682,18.82,15.26,0.0308,1.102,0.209,18.55,2.97,0.36,Elliptical
GLX0683,20.42,16.6,0.0898,0.78,0.501,18.17,4.07,1.16,Elliptical
GLX0684,19.59,21.46,0.0692,0.355,0.179,18.49,2.5,4.15,Spiral
GLX0685,19.8,12.83,0.0191,0.539,0.413,20.83,2.64,4.1,Spiral
GLX0686,21.94,10.75,0.0281,0.249,0.032,22.33,2.23,3.55,Irregular
GLX0687,19.76,18.0,0.0626,0.849,0.433,20.65,3.6,4.23,Spiral
GLX0688,22.67,6.23,0.0394,0.564,0.391,20.64,2.23,1.4,Irregular
GLX0689,21.95,16.39,0.0392,0.316,0.66,20.09,2.45,4.71,Spiral
GLX0690,19.61,14.45,0.0286,0.444,0.416,19.28,2.17,2.57,Irregular
GLX0691,20.65,24.01,0.1052,0.998,0.173,15.48,3.22,2.05,Elliptical
GLX0692,19.64,10.53,0.0453,0.714,0.336,18.81,3.25,0.0,Elliptical
GLX0693,22.91,8.87,0.0371,0.686,0.0,20.36,1.42,2.13,Irregular
GLX0694,20.97,25.71,0.0546,0.5,0.279,19.35,2.3,3.06,Spiral
GLX0695,20.48,20.55,0.0517,0.472,0.426,20.12,2.76,2.36,Spiral
GLX0696,21.77,15.65,0.0661,0.532,0.034,20.42,2.76,2.58,Spiral
GLX0697,19.95,8.6,0.0504,0.555,0.501,18.02,1.7,5.31,Irregular
GLX0698,19.91,10.74,0.0779,0.913,0.525,17.61,4.16,0.47,Elliptical
GLX0699,18.88,11.57,0.0842,0.824,0.472,18.46,3.97,0.57,Elliptical
GLX0700,19.25,5.0,0.0441,0.552,0.39,19.87,2.47,3.86,Irregular
GLX0701,19.62,16.58,0.0332,0.892,0.547,19.19,3.08,0.31,Elliptical
GLX0702,18.86,10.87,0.0602,0.607,0.194,22.52,2.14,3.5,Irregular
GLX0703,22.19,11.51,0.0116,0.681,0.505,20.45,2.29,0.25,Irregular
GLX0704,21.01,10.86,0.0515,0.797,0.645,18.32,3.41,0.0,Elliptical
GLX0705,20.19,20.71,0.0859,0.882,0.502,16.69,4.72,0.79,Elliptical
GLX0706,20.07,10.97,0.0367,0.807,0.722,19.15,3.69,0.7,Elliptical
GLX0707,22.42,12.55,0.0512,0.506,0.892,22.05,2.0,3.24,Irregular
GLX0708,18.89,13.03,0.1048,0.73,0.24,17.65,3.55,1.53,Elliptical
GLX0709,21.49,14.0,0.0491,0.958,0.315,19.55,2.57,2.94,Spiral
GLX0710,22.0,21.59,0.0443,0.36,0.372,18.76,3.24,2.87,Spiral
GLX0711,21.19,10.78,0.0501,0.819,0.902,18.29,3.74,0.0,Elliptical
GLX0712,20.91,27.02,0.0451,0.509,0.196,21.29,2.62,3.94,Spiral
GLX0713,21.89,8.3,0.001,0.807,0.492,19.52,2.94,0.0,Elliptical
GLX0714,21.12,6.96,0.0666,0.523,0.556,21.15,1.69,3.07,Irregular
GLX0715,21.22,15.33,0.0746,0.746,0.847,18.92,3.65,0.92,Elliptical
GLX0716,22.02,22.8,0.0618,0.619,0.272,21.55,2.87,4.62,Spiral
GLX0717,20.37,14.55,0.0424,1.091,0.564,21.09,2.49,0.0,Elliptical
GLX0718,19.31,23.34,0.0477,0.91,0.64,20.19,3.73,0.73,Elliptical
GLX0719,20.3,13.68,0.0588,0.504,0.363,20.49,2.97,2.46,Spiral
GLX0720,21.7,19.19,0.0476,0.736,0.511,20.04,3.12,4.01,Spiral
GLX0721,22.65,20.86,0.0606,0.246,0.124,19.06,2.83,3.05,Spiral
GLX0722,20.36,18.38,0.0394,0.576,0.283,20.74,2.63,4.56,Spiral
GLX0723,19.48,18.4,0.0416,1.069,0.888,19.05,3.71,1.27,Elliptical
GLX0724,20.41,10.9,0.0497,0.625,0.554,19.82,1.68,3.13,Irregular
GLX0725,19.46,19.26,0.001,0.419,0.315,19.75,2.33,3.02,Spiral
GLX0726,20.62,12.11,0.0749,0.888,0.315,19.29,4.15,0.27,Elliptical
GLX0727,22.01,23.0,0.041,0.629,0.336,20.5,2.91,3.42,Spiral
GLX0728,19.25,14.02,0.0793,1.148,0.183,19.12,4.23,0.45,Elliptical
GLX0729,22.46,12.64,0.001,0.826,0.32,17.49,2.64,4.01,Spiral
GLX0730,20.54,11.98,0.0266,0.543,0.43,21.48,2.3,0.59,Irregular
GLX0731,20.26,9.68,0.0635,0.567,0.211,17.88,3.57,0.88,Elliptical
GLX0732,19.62,14.49,0.0561,0.684,0.343,19.34,3.55,1.54,Elliptical
GLX0733,22.22,19.29,0.012,0.534,0.323,18.95,1.92,2.91,Spiral
GLX0734,24.12,20.61,0.0733,0.581,0.406,19.95,2.51,2.26,Spiral
GLX0735,20.2,4.63,0.0139,0.2,0.725,23.79,1.97,0.66,Irregular
GLX0736,20.6,4.81,0.0362,0.411,0.144,20.72,2.07,4.5,Irregular
GLX0737,19.87,12.79,0.0499,0.697,0.506,18.12,3.13,0.67,Elliptical
GLX0738,21.01,17.54,0.0255,0.691,0.653,19.97,3.96,1.29,Elliptical
GLX0739,24.79,10.86,0.0304,0.092,0.624,20.04,2.75,2.53,Irregular
GLX0740,24.03,8.82,0.0334,0.397,0.865,21.61,3.13,3.61,Irregular
GLX0741,20.29,16.18,0.0603,0.824,0.515,20.72,3.91,0.87,Elliptical
GLX0742,22.32,18.7,0.0627,0.48,0.489,20.11,2.97,0.94,Spiral
GLX0743,18.05,16.73,0.0926,0.74,0.544,19.26,3.73,0.37,Elliptical
GLX0744,21.7,16.98,0.0326,0.157,0.516,19.19,1.0,1.35,Irregular
GLX0745,23.12,18.34,0.038,0.674,0.219,18.4,2.81,3.68,Spiral
GLX0746,20.38,12.47,0.0614,0.373,0.551,19.38,2.31,4.19,Irregular
GLX0747,22.44,10.62,0.0045,0.424,0.046,20.51,2.22,4.59,Irregular
GLX0748,22.12,10.53,0.028,0.309,0.292,22.77,1.88,5.99,Irregular
GLX0749,19.91,17.92,0.0554,0.344,0.391,18.76,2.37,3.59,Spiral
GLX0750,22.59,22.37,0.0266,0.32,0.297,17.72,2.41,1.91,Spiral
